thread-root,total-thread-count,matrix-width,matrix-size,copy-to-device[ms],bandwidth-to-device[GB/s],copy-from-device[ms],bandwidth-from-device[GB/s],kernel-matrix-multiplication[ms],cpu-matrix-multiplication[ms],speedup-kernel,speedup-overall
         1,         1,       100,     10000,  0.069493,    1.1512,  0.026331,   1.51912,   2.39518,   1.58144,  0.660261,  0.634862
         1,         1,       200,     40000,  0.111958,   2.85821,  0.036318,   4.40553,   20.1008,   6.93431,  0.344977,  0.342451
         1,         1,       300,     90000,  0.149114,   4.82852,  0.068026,   5.29209,   67.7209,   23.1432,  0.341744,  0.340652
         1,         1,       400,    160000,  0.252551,   5.06828,  0.125717,    5.0908,   160.367,   55.0733,   0.34342,  0.342612
         1,         1,       500,    250000,  0.358292,   5.58204,  0.165945,   6.02609,   318.506,   108.411,  0.340374,  0.339815
         1,         1,       600,    360000,  0.505589,   5.69633,  0.249617,   5.76884,   556.542,   180.207,  0.323798,  0.323359
         1,         1,       700,    490000,   0.67405,   5.81559,  0.313383,   6.25433,   894.007,   279.934,  0.313122,  0.312777
         1,         1,       800,    640000,  0.876804,   5.83939,  0.417728,   6.12839,   1622.67,    419.73,  0.258666,   0.25846
         1,         1,       900,    810000,   1.10141,   5.88334,  0.519978,   6.23103,   1914.14,   598.637,  0.312745,  0.312481
         1,         1,      1000,   1000000,   1.35466,   5.90553,  0.634378,   6.30539,   2621.31,   823.369,  0.314106,  0.313868
         2,         4,       100,     10000,  0.041137,   1.94472,  0.016692,   2.39636,   0.66085,  0.868073,   1.31357,   1.20787
         2,         4,       200,     40000,  0.108885,   2.93888,  0.044001,   3.63628,   5.35713,   8.74372,   1.63216,   1.58688
         2,         4,       300,     90000,  0.148415,   4.85126,  0.067957,   5.29747,   17.7969,   23.2993,   1.30917,   1.29345
         2,         4,       400,    160000,  0.237534,    5.3887,  0.109582,   5.84038,   42.1302,   54.8975,   1.30304,   1.29239
         2,         4,       500,    250000,  0.357383,   5.59624,  0.173838,   5.75248,   83.8137,   107.898,   1.28735,   1.27925
         2,         4,       600,    360000,  0.504403,   5.70972,  0.232436,   6.19525,   152.437,    186.22,   1.22162,   1.21574
         2,         4,       700,    490000,  0.675866,   5.79997,  0.311218,   6.29784,   234.677,    289.18,   1.23224,   1.22708
         2,         4,       800,    640000,   0.87387,     5.859,  0.417868,   6.12634,   426.905,   420.938,  0.986023,  0.983049
         2,         4,       900,    810000,   1.10337,   5.87291,  0.512503,   6.32191,    528.43,   598.064,   1.13177,   1.12832
         2,         4,      1000,   1000000,   1.35236,   5.91558,  0.626975,   6.37984,   724.719,   820.941,   1.13277,   1.12969
         3,         9,       100,     10000,  0.069424,   1.15234,  0.032198,   1.24231,  0.397195,    2.6663,   6.71283,   5.34525
         3,         9,       200,     40000,  0.082344,   3.88614,  0.034711,   4.60949,   2.54904,   6.92362,   2.71617,   2.59691
         3,         9,       300,     90000,  0.146739,   4.90667,  0.066629,   5.40305,   8.37677,   23.3314,   2.78525,   2.71607
         3,         9,       400,    160000,  0.268614,    4.7652,  0.109304,   5.85523,   19.8425,   54.9072,   2.76715,   2.71543
         3,         9,       500,    250000,  0.357174,   5.59951,   0.16385,   6.10314,   39.4995,   107.271,   2.71575,   2.68039
         3,         9,       600,    360000,  0.503704,   5.71764,  0.232436,   6.19525,   69.0258,   186.633,   2.70381,   2.67528
         3,         9,       700,    490000,  0.677122,   5.78921,  0.309682,   6.32907,   111.663,   296.741,   2.65746,   2.63418
         3,         9,       800,    640000,  0.875196,   5.85012,  0.401875,   6.37014,    201.75,   432.016,   2.14135,   2.12788
         3,         9,       900,    810000,   1.10037,   5.88893,  0.515927,   6.27996,   280.878,   597.902,   2.12869,   2.11651
         3,         9,      1000,   1000000,   1.35396,   5.90858,  0.624672,   6.40336,   397.168,   820.604,   2.06614,   2.05589
         4,        16,       100,     10000,  0.069214,   1.15584,  0.024515,   1.63165,  0.277974,   2.60045,     9.355,   6.99603
         4,        16,       200,     40000,  0.082484,   3.87954,  0.034781,   4.60021,   1.52319,   6.91664,   4.54088,   4.21629
         4,        16,       300,     90000,  0.147647,    4.8765,   0.06649,   5.41435,   4.97963,   23.2641,   4.67186,   4.47924
         4,        16,       400,    160000,   0.23907,   5.35408,   0.11084,   5.77409,   11.7954,   54.9788,   4.66103,   4.52675
         4,        16,       500,    250000,  0.359129,   5.56903,    0.1642,   6.09013,   23.5206,   107.628,   4.57592,   4.47633
         4,        16,       600,    360000,  0.503145,     5.724,  0.233903,    6.1564,   44.3887,   186.466,   4.20076,   4.13215
         4,        16,       700,    490000,  0.674329,   5.81319,  0.310938,   6.30351,   74.0771,   294.907,   3.98108,   3.92883
         4,        16,       800,    640000,  0.875685,   5.84685,   0.40334,     6.347,    121.24,    433.06,   3.57193,   3.53464
         4,        16,       900,    810000,   1.10051,   5.88818,  0.504123,     6.427,   177.389,    609.07,   3.43353,   3.40275
         4,        16,      1000,   1000000,   1.35313,   5.91223,  0.627255,   6.37699,    254.51,   819.838,   3.22124,   3.19636
         5,        25,       100,     10000,  0.040788,   1.96136,  0.015994,   2.50094,  0.182987,  0.821696,   4.49046,   3.42703
         5,        25,       200,     40000,  0.109792,    2.9146,  0.043651,   3.66544,   1.15072,   8.87859,   7.71566,   6.80786
         5,        25,       300,     90000,  0.153723,   4.68375,  0.067049,   5.36921,   3.61826,   23.2834,   6.43497,   6.06492
         5,        25,       400,    160000,  0.268614,    4.7652,  0.108954,   5.87404,   8.58833,   54.8442,    6.3859,   6.11698
         5,        25,       500,    250000,  0.386648,   5.17266,  0.164549,   6.07722,    17.708,    107.66,   6.07976,   5.89623
         5,        25,       600,    360000,  0.503215,    5.7232,  0.231668,   6.21579,   34.3565,    186.26,   5.42138,   5.30785
         5,        25,       700,    490000,  0.676983,    5.7904,  0.311009,   6.30207,   57.5726,   295.174,   5.12699,   5.04049
         5,        25,       800,    640000,  0.874987,   5.85152,  0.411303,   6.22412,   83.9435,   433.595,   5.16532,   5.08737
         5,        25,       900,    810000,   1.09953,   5.89342,  0.504752,   6.41899,    127.75,   597.433,    4.6766,    4.6186
         5,        25,      1000,   1000000,    1.3539,   5.90886,   0.62551,   6.39478,   176.651,   821.966,   4.65305,   4.60149
         6,        36,       100,     10000,  0.070052,   1.14201,  0.025563,   1.56476,  0.154562,   2.32233,   15.0252,   9.28275
         6,        36,       200,     40000,  0.109233,   2.92952,  0.043233,   3.70088,  0.926321,   9.97561,   10.7691,   9.24706
         6,        36,       300,     90000,  0.147507,   4.88112,  0.065582,   5.48931,   2.78267,   23.3418,    8.3883,   7.79164
         6,        36,       400,    160000,  0.239629,   5.34159,  0.107977,   5.92719,   6.80231,   54.8462,   8.06288,   7.67089
         6,        36,       500,    250000,   0.35885,   5.57336,  0.164828,   6.06693,   13.6489,   107.831,   7.90031,   7.60839
         6,        36,       600,    360000,  0.505031,   5.70262,   0.23062,   6.24404,   22.8493,   186.332,   8.15481,   7.90045
         6,        36,       700,    490000,  0.675866,   5.79997,  0.310101,   6.32052,   36.3539,   296.561,   8.15762,   7.94222
         6,        36,       800,    640000,  0.875475,   5.84825,  0.401944,   6.36905,    55.969,   440.364,     7.868,   7.69243
         6,        36,       900,    810000,   1.10051,   5.88818,  0.504682,   6.41988,   77.2484,   598.102,   7.74258,   7.58497
         6,        36,      1000,   1000000,   1.35285,   5.91344,  0.619363,   6.45825,   114.943,   821.066,   7.14323,   7.02273
         7,        49,       100,     10000,  0.040788,   1.96136,  0.015715,   2.54534,  0.109932,  0.821765,   7.47521,   4.93745
         7,        49,       200,     40000,  0.081856,    3.9093,  0.034222,   4.67536,  0.622646,    7.0163,   11.2685,   9.49787
         7,        49,       300,     90000,  0.146599,   4.91136,  0.065443,   5.50097,   1.96858,   23.6401,   12.0087,    10.841
         7,        49,       400,    160000,   0.30996,   4.12957,  0.107557,   5.95033,   4.81528,    54.844,   11.3896,   10.4808
         7,        49,       500,    250000,  0.357803,   5.58967,  0.164059,   6.09537,    9.7014,   107.312,   11.0615,   10.4969
         7,        49,       600,    360000,  0.504472,   5.70894,  0.231458,   6.22143,   18.0067,   185.662,   10.3107,   9.90585
         7,        49,       700,    490000,  0.674329,   5.81319,   0.31073,   6.30773,   29.3246,   294.951,   10.0582,   9.73128
         7,        49,       800,    640000,  0.876872,   5.83894,  0.402083,   6.36684,   43.1542,   442.821,   10.2614,   9.96599
         7,        49,       900,    810000,   1.11699,    5.8013,  0.507546,   6.38366,   62.1588,   598.036,    9.6211,   9.37606
         7,        49,      1000,   1000000,    1.3532,   5.91192,  0.619852,   6.45315,   85.6007,   824.415,   9.63093,   9.41395
         8,        64,       100,     10000,   0.03988,   2.00602,  0.015575,   2.56822,  0.105672,  0.821348,   7.77262,   5.09752
         8,        64,       200,     40000,  0.109653,    2.9183,  0.042813,   3.73718,  0.506917,   8.16745,    16.112,   12.3865
         8,        64,       300,     90000,  0.148765,   4.83985,  0.064883,   5.54845,   1.46502,   23.2503,   15.8703,   13.8505
         8,        64,       400,    160000,  0.239281,   5.34936,  0.109024,   5.87027,   3.19341,   54.9247,   17.1994,   15.5079
         8,        64,       500,    250000,   0.35934,   5.56576,  0.163641,   6.11094,    8.1831,   107.374,   13.1214,   12.3332
         8,        64,       600,    360000,  0.505799,   5.69396,  0.231598,   6.21767,   14.2833,    186.23,   13.0383,   12.3982
         8,        64,       700,    490000,  0.677332,   5.78741,    0.3108,   6.30631,   23.7627,   295.508,   12.4358,   11.9393
         8,        64,       800,    640000,  0.876592,    5.8408,  0.401944,   6.36905,   35.1717,   441.993,   12.5667,   12.1259
         8,        64,       900,    810000,   1.09771,   5.90317,  0.503005,   6.44129,   50.4748,   600.741,   11.9018,    11.536
         8,        64,      1000,   1000000,    1.3511,   5.92108,  0.618245,   6.46993,    67.553,    819.82,   12.1359,   11.7922
         9,        81,       100,     10000,  0.069075,   1.15816,  0.025073,   1.59534,  0.109373,    2.5642,   23.4445,   12.5992
         9,        81,       200,     40000,  0.081995,   3.90268,  0.034083,   4.69442,  0.473112,   6.88388,   14.5502,   11.6836
         9,        81,       300,     90000,  0.148136,    4.8604,  0.064605,   5.57232,   1.45259,   23.2846,   16.0298,    13.982
         9,        81,       400,    160000,  0.241655,   5.29681,  0.109443,   5.84779,   3.39944,   54.9753,   16.1719,    14.658
         9,        81,       500,    250000,  0.357593,   5.59295,  0.161895,   6.17684,   6.84002,    107.52,   15.7193,   14.6097
         9,        81,       600,    360000,  0.504054,   5.71367,  0.231668,   6.21579,    11.451,   186.385,   16.2768,   15.2942
         9,        81,       700,    490000,  0.676913,     5.791,  0.311497,    6.2922,   18.4586,   295.129,   15.9887,   15.1761
         9,        81,       800,    640000,  0.876314,   5.84265,  0.401804,   6.37127,   28.3637,   445.308,   15.6999,   15.0229
         9,        81,       900,    810000,   1.10009,   5.89042,  0.504471,   6.42257,   38.5229,   620.336,    16.103,   15.4591
         9,        81,      1000,   1000000,   1.35383,   5.90917,  0.618595,   6.46627,   59.7107,   823.208,   13.7866,   13.3457
        10,       100,       100,     10000,   0.03995,    2.0025,  0.015644,   2.55689,  0.097779,  0.821209,   8.39862,   5.35433
        10,       100,       200,     40000,  0.108744,   2.94269,  0.044211,   3.61901,  0.451671,   9.43048,   20.8791,   15.5972
        10,       100,       300,     90000,  0.147158,    4.8927,  0.065582,   5.48931,   1.41536,   23.3057,   16.4663,   14.3147
        10,       100,       400,    160000,  0.238932,   5.35717,  0.107977,   5.92719,    3.4387,   54.8357,   15.9467,   14.4853
        10,       100,       500,    250000,  0.358501,   5.57878,  0.162594,   6.15029,   7.13182,   107.633,    15.092,   14.0644
        10,       100,       600,    360000,  0.504962,    5.7034,  0.231598,   6.21767,   11.9146,   186.248,   15.6318,   14.7217
        10,       100,       700,    490000,   0.67433,   5.81318,  0.311218,   6.29784,   19.3312,    295.56,   15.2892,   14.5476
        10,       100,       800,    640000,  0.875686,   5.84684,  0.402223,   6.36463,   28.1599,    438.01,   15.5544,   14.8792
        10,       100,       900,    810000,   1.10002,   5.89081,  0.504682,   6.41988,   39.9462,   601.237,   15.0512,   14.4699
        10,       100,      1000,   1000000,   1.35348,    5.9107,  0.625999,   6.38979,   62.7188,   819.678,   13.0691,   12.6692
        11,       121,       100,     10000,  0.040439,   1.97829,  0.015784,   2.53421,  0.097919,  0.821487,   8.38945,   5.32942
        11,       121,       200,     40000,  0.110071,   2.90721,  0.043861,   3.64789,  0.444687,   7.44116,   16.7335,   12.4305
        11,       121,       300,     90000,  0.147996,     4.865,  0.066281,   5.43142,   1.22916,   26.6691,    21.697,   18.4761
        11,       121,       400,    160000,  0.267916,   4.77762,  0.108814,    5.8816,   3.04646,   54.9569,   18.0396,   16.0543
        11,       121,       500,    250000,  0.390419,    5.1227,  0.163711,   6.10833,   6.24902,   107.258,    17.164,   15.7659
        11,       121,       600,    360000,  0.504541,   5.70816,  0.231807,   6.21206,    10.071,   186.617,   18.5302,   17.2676
        11,       121,       700,    490000,  0.674958,   5.80777,  0.311008,   6.30209,   16.9422,     295.1,    17.418,   16.4601
        11,       121,       800,    640000,  0.876104,   5.84406,  0.401874,   6.37016,   23.4961,   444.915,   18.9357,   17.9589
        11,       121,       900,    810000,   1.09778,    5.9028,  0.503983,   6.42879,   32.9617,   598.459,   18.1562,   17.3148
        11,       121,      1000,   1000000,   1.35285,   5.91345,  0.620132,   6.45024,   54.5285,   819.695,   15.0324,   14.5075
        12,       144,       100,     10000,  0.069423,   1.15236,  0.024306,   1.64568,  0.133748,   2.03744,   15.2335,   8.95671
        12,       144,       200,     40000,  0.109443,    2.9239,  0.043302,   3.69498,  0.421639,   7.27172,   17.2463,     12.66
        12,       144,       300,     90000,  0.176632,   4.07627,   0.06649,   5.41435,   1.22217,   23.3637,   19.1165,   15.9447
        12,       144,       400,    160000,  0.239211,   5.35092,  0.108395,   5.90433,   3.00392,   54.9155,   18.2813,   16.3852
        12,       144,       500,    250000,  0.387765,   5.15776,  0.163431,   6.11879,    6.2773,   107.521,   17.1285,   15.7459
        12,       144,       600,    360000,  0.504751,   5.70578,  0.231876,   6.21022,   10.4375,   186.404,    17.859,   16.6816
        12,       144,       700,    490000,   0.67782,   5.78325,  0.310101,   6.32052,   16.9504,   295.225,   17.4171,   16.4578
        12,       144,       800,    640000,  0.875266,   5.84965,  0.414794,   6.17174,   23.6274,   440.903,   18.6606,   17.6945
        12,       144,       900,    810000,   1.10225,   5.87887,  0.504751,   6.41901,   34.5677,   597.572,    17.287,   16.5191
        12,       144,      1000,   1000000,   1.35404,   5.90826,  0.619572,   6.45607,   54.8349,   846.531,   15.4378,   14.9015
        13,       169,       100,     10000,  0.040369,   1.98172,  0.015854,   2.52302,  0.099665,  0.816458,   8.19202,   5.23747
        13,       169,       200,     40000,  0.081087,   3.94638,  0.034712,   4.60936,   0.48722,   6.88179,   14.1246,   11.4122
        13,       169,       300,     90000,  0.147717,   4.87419,  0.065023,    5.5365,      1.62,   23.2732,   14.3662,   12.6986
        13,       169,       400,    160000,   0.27071,   4.72831,  0.109304,   5.85523,   3.90329,   54.9652,   14.0818,   12.8324
        13,       169,       500,    250000,  0.360736,   5.54422,   0.16399,   6.09793,   7.63882,   107.495,   14.0722,   13.1677
        13,       169,       600,    360000,  0.504193,    5.7121,  0.231249,   6.22705,   13.5064,   186.037,   13.7741,   13.0628
        13,       169,       700,    490000,  0.674818,   5.80897,  0.311708,   6.28794,    21.733,   295.353,   13.5901,        13
        13,       169,       800,    640000,  0.874288,   5.85619,  0.402083,   6.36684,   31.8167,   438.562,    13.784,   13.2524
        13,       169,       900,    810000,   1.10169,   5.88185,  0.504123,     6.427,   46.2352,    598.12,   12.9365,   12.5022
        13,       169,      1000,   1000000,   1.35117,   5.92079,  0.619013,    6.4619,   66.4277,    820.19,   12.3471,   11.9914
        14,       196,       100,     10000,  0.040299,   1.98516,  0.015924,   2.51193,  0.096382,  0.818973,   8.49716,   5.36662
        14,       196,       200,     40000,  0.126764,   2.52438,  0.043652,   3.66535,  0.438472,   11.7657,   26.8335,   19.3233
        14,       196,       300,     90000,  0.179146,   4.01907,  0.073334,   4.90905,   1.36416,   27.3403,   20.0418,   16.9117
        14,       196,       400,    160000,  0.270081,   4.73932,  0.108256,   5.91191,    3.1631,    54.865,   17.3454,   15.4923
        14,       196,       500,    250000,  0.357803,   5.58967,  0.162174,   6.16622,   6.60354,   107.175,     16.23,   15.0453
        14,       196,       600,    360000,   0.50489,   5.70421,  0.232645,   6.18969,   11.0805,   185.804,   16.7686,   15.7221
        14,       196,       700,    490000,  0.678799,   5.77491,   0.31024,   6.31769,   17.8235,   295.805,   16.5964,   15.7238
        14,       196,       800,    640000,  0.875546,   5.84778,  0.401804,   6.37127,   23.0662,    439.86,   19.0695,   18.0689
        14,       196,       900,    810000,   1.10121,   5.88446,  0.503425,   6.43591,   37.3246,   598.202,    16.027,   15.3664
        14,       196,      1000,   1000000,   1.35166,   5.91864,  0.619084,   6.46116,   57.2053,   820.812,   14.3485,   13.8707
        15,       225,       100,     10000,  0.069563,   1.15004,  0.025841,   1.54793,  0.125297,   2.61791,   20.8936,   11.8618
        15,       225,       200,     40000,  0.082274,   3.88944,  0.034433,   4.64671,  0.451462,   6.87683,   15.2324,   12.1035
        15,       225,       300,     90000,  0.147787,   4.87188,  0.065233,   5.51868,   1.41368,   23.3261,   16.5002,   14.3395
        15,       225,       400,    160000,   0.23956,   5.34313,  0.108605,   5.89291,   3.47173,   54.9158,    15.818,   14.3763
        15,       225,       500,    250000,  0.356825,   5.60499,  0.162594,   6.15029,   7.28261,   107.158,   14.7142,   13.7346
        15,       225,       600,    360000,   0.50503,   5.70263,  0.231737,   6.21394,   12.1974,   186.225,   15.2677,    14.398
        15,       225,       700,    490000,  0.676424,   5.79518,   0.31003,   6.32197,   20.0365,   295.609,   14.7536,   14.0613
        15,       225,       800,    640000,  0.875755,   5.84638,  0.402432,   6.36132,   25.9308,   442.134,   17.0506,   16.2496
        15,       225,       900,    810000,   1.10393,   5.86993,  0.509012,   6.36527,    41.838,   621.597,   14.8572,   14.3057
        15,       225,      1000,   1000000,   1.35264,   5.91437,  0.619224,    6.4597,   61.8862,   821.709,   13.2777,   12.8677
        16,       256,       100,     10000,  0.068585,   1.16644,  0.024305,   1.64575,  0.129208,     2.645,   20.4709,   11.9092
        16,       256,       200,     40000,  0.109164,   2.93137,  0.043093,    3.7129,  0.330914,   6.99765,   21.1464,   14.4828
        16,       256,       300,     90000,   0.17747,   4.05702,  0.074522,   4.83079,   1.05329,   23.8428,   22.6365,   18.2664
        16,       256,       400,    160000,  0.240747,   5.31678,  0.107837,   5.93488,   2.14325,   54.8438,   25.5891,   22.0094
        16,       256,       500,    250000,  0.356825,   5.60499,  0.162384,   6.15824,   5.01874,    107.13,   21.3459,   19.3446
        16,       256,       600,    360000,  0.505729,   5.69475,  0.231457,   6.22146,   7.36965,   185.971,   25.2347,     22.94
        16,       256,       700,    490000,  0.677333,    5.7874,   0.31052,   6.31199,   12.3236,   295.178,   23.9522,   22.1747
        16,       256,       800,    640000,  0.875266,   5.84965,  0.401664,   6.37349,   18.2822,   442.043,   24.1789,   22.6004
        16,       256,       900,    810000,   1.10358,   5.87179,  0.503704,   6.43235,   27.7245,   618.848,   22.3213,   21.0982
        16,       256,      1000,   1000000,   1.35194,   5.91741,  0.618525,     6.467,   37.2323,   821.074,   22.0528,   20.9443
        17,       289,       100,     10000,  0.040578,   1.97151,  0.015715,   2.54534,  0.087792,  0.821907,   9.36198,   5.70432
        17,       289,       200,     40000,  0.112237,   2.85111,  0.035899,   4.45695,  0.388534,   6.88592,   17.7228,   12.8308
        17,       289,       300,     90000,  0.149743,   4.80824,  0.065512,   5.49518,    1.1054,   23.2528,   21.0357,   17.6071
        17,       289,       400,    160000,  0.241655,   5.29681,  0.108674,   5.88917,   2.60331,   55.0524,   21.1471,   18.6388
        17,       289,       500,    250000,  0.386579,   5.17359,  0.166295,   6.01341,    5.7826,   107.495,   18.5894,   16.9671
        17,       289,       600,    360000,  0.504822,   5.70498,  0.231179,   6.22894,   9.16152,   186.764,   20.3857,   18.8697
        17,       289,       700,    490000,  0.675657,   5.80176,   0.31045,   6.31342,   15.0553,   295.181,   19.6064,   18.4012
        17,       289,       800,    640000,  0.875755,   5.84638,  0.401804,   6.37127,   22.4099,   437.777,   19.5349,   18.4813
        17,       289,       900,    810000,   1.10211,   5.87961,  0.503774,   6.43146,   30.5942,   598.633,   19.5669,   18.5911
        17,       289,      1000,   1000000,   1.35599,   5.89975,  0.619922,   6.45242,   48.4958,   838.889,   17.2982,    16.621
        18,       324,       100,     10000,  0.068865,   1.16169,  0.025073,   1.59534,  0.096313,   2.46013,   25.5431,    12.931
        18,       324,       200,     40000,  0.079551,   4.02258,  0.034362,   4.65631,  0.386648,   6.54864,    16.937,   13.0826
        18,       324,       300,     90000,  0.148625,   4.84441,  0.064884,   5.54836,   1.04624,   23.2733,   22.2446,   18.4745
        18,       324,       400,    160000,  0.238792,   5.36031,  0.107418,   5.95803,   2.49792,   54.8696,   21.9661,   19.2922
        18,       324,       500,    250000,  0.358011,   5.58642,  0.162664,   6.14764,   4.90406,   107.226,   21.8647,    19.766
        18,       324,       600,    360000,  0.504052,    5.7137,  0.232157,    6.2027,   8.62806,    185.89,   21.5448,   19.8509
        18,       324,       700,    490000,  0.677262,   5.78801,   0.31052,   6.31199,   13.5799,   296.743,   21.8516,   20.3699
        18,       324,       800,    640000,  0.876033,   5.84453,  0.401943,   6.36906,   21.7422,   441.044,   20.2852,    19.159
        18,       324,       900,    810000,   1.10002,    5.8908,  0.503704,   6.43235,   30.1752,   597.991,   19.8173,   18.8172
        18,       324,      1000,   1000000,   1.35404,   5.90826,  0.620829,     6.443,   45.0163,   840.315,   18.6669,   17.8824
        19,       361,       100,     10000,   0.07096,    1.1274,  0.024724,   1.61786,  0.135984,   2.63676,   19.3902,   11.3816
        19,       361,       200,     40000,  0.110141,   2.90537,  0.043791,   3.65372,  0.393842,   7.47922,   18.9904,   13.6538
        19,       361,       300,     90000,  0.147088,   4.89503,  0.065722,   5.47762,   1.22196,   23.2812,   19.0523,   16.2264
        19,       361,       400,    160000,  0.240049,   5.33224,  0.109443,   5.84779,   3.06337,    54.885,   17.9166,   16.0818
        19,       361,       500,    250000,     0.368,   5.43478,  0.171114,   5.84406,   6.39862,   108.797,   17.0033,    15.682
        19,       361,       600,    360000,  0.542397,   5.30976,   0.23076,   6.24025,   10.6379,   186.054,   17.4898,   16.3048
        19,       361,       700,    490000,  0.675795,   5.80058,  0.310589,   6.31059,   17.2887,   295.168,   17.0729,   16.1514
        19,       361,       800,    640000,  0.875476,   5.84825,  0.401315,   6.37903,   22.1953,   439.575,   19.8049,   18.7276
        19,       361,       900,    810000,   1.09988,   5.89155,  0.503285,    6.4377,   32.0684,   598.354,   18.6587,   17.7703
        19,       361,      1000,   1000000,   1.35264,   5.91436,  0.618944,   6.46262,    54.699,   822.071,    15.029,   14.5061
        20,       400,       100,     10000,  0.069424,   1.15234,  0.025772,   1.55207,  0.082065,   2.46216,   30.0025,     13.89
        20,       400,       200,     40000,  0.082274,   3.88944,  0.034642,   4.61867,  0.338177,   6.91238,   20.4401,   15.1889
        20,       400,       300,     90000,  0.147368,   4.88573,  0.065023,    5.5365,   0.98401,   23.2366,   23.6142,   19.4221
        20,       400,       400,    160000,  0.241097,   5.30907,  0.108605,   5.89291,   2.37199,   54.9153,   23.1516,   20.1769
        20,       400,       500,    250000,  0.389373,   5.13646,  0.163571,   6.11355,   4.78107,   107.705,   22.5275,   20.1922
        20,       400,       600,    360000,  0.552873,   5.20915,  0.231248,   6.22708,   8.29205,   186.778,   22.5249,   20.5789
        20,       400,       700,    490000,  0.677054,   5.78979,  0.310451,    6.3134,   13.1721,   295.159,   22.4079,   20.8451
        20,       400,       800,    640000,  0.876385,   5.84218,  0.402013,   6.36795,    20.786,   440.518,   21.1931,   19.9651
        20,       400,       900,    810000,   1.09988,   5.89155,   0.50517,   6.41368,   30.2213,   624.519,   20.6648,   19.6227
        20,       400,      1000,   1000000,   1.35306,   5.91252,  0.619294,   6.45897,    42.444,    820.76,   19.3375,   18.4788
        21,       441,       100,     10000,  0.040299,   1.98516,  0.015644,   2.55689,  0.085208,  0.821836,   9.64506,   5.82239
        21,       441,       200,     40000,  0.082973,   3.85668,  0.034991,    4.5726,  0.366184,   12.2856,   33.5503,   25.3757
        21,       441,       300,     90000,   0.17747,   4.05702,  0.074732,   4.81721,   1.11985,   23.3829,   20.8803,   17.0423
        21,       441,       400,    160000,  0.240257,   5.32763,  0.107976,   5.92724,    2.5878,    54.997,   21.2524,   18.7317
        21,       441,       500,    250000,  0.390699,   5.11903,  0.163083,   6.13185,   5.11037,   107.559,   21.0471,   18.9894
        21,       441,       600,    360000,  0.506707,   5.68376,  0.231248,   6.22708,   8.77466,   185.802,   21.1749,   19.5322
        21,       441,       700,    490000,  0.674189,   5.81439,  0.311917,   6.28372,    14.568,   295.261,   20.2678,   18.9828
        21,       441,       800,    640000,  0.875336,   5.84918,   0.40362,    6.3426,    21.458,   442.496,   20.6215,   19.4616
        21,       441,       900,    810000,   1.10351,   5.87216,  0.504124,   6.42699,   29.8752,   639.035,   21.3902,   20.2979
        21,       441,      1000,   1000000,    1.3511,   5.92109,  0.618526,   6.46699,   45.2315,   821.797,   18.1687,   17.4105
        22,       484,       100,     10000,  0.041417,   1.93157,  0.015854,   2.52302,  0.086325,  0.821488,   9.51622,   5.72083
        22,       484,       200,     40000,  0.079691,   4.01551,  0.034432,   4.64684,  0.373099,   6.52301,   17.4833,   13.3882
        22,       484,       300,     90000,  0.148834,    4.8376,  0.065442,   5.50105,    1.1098,   23.2721,   20.9698,   17.5762
        22,       484,       400,    160000,  0.238861,   5.35877,  0.107767,   5.93874,   2.63041,   54.9037,   20.8727,   18.4424
        22,       484,       500,    250000,  0.357943,   5.58748,  0.162174,   6.16622,   5.61959,   107.137,    19.065,   17.4499
        22,       484,       600,    360000,  0.505589,   5.69633,   0.23041,   6.24973,   8.49131,   186.344,   21.9453,   20.1949
        22,       484,       700,    490000,   0.67782,   5.78325,  0.311289,    6.2964,   14.5578,     295.7,   20.3122,   19.0199
        22,       484,       800,    640000,  0.876455,   5.84171,  0.402782,    6.3558,   20.8526,   439.216,   21.0629,   19.8455
        22,       484,       900,    810000,   1.09848,   5.89904,  0.504542,   6.42167,   30.1378,   598.871,   19.8711,   18.8675
        22,       484,      1000,   1000000,   1.35404,   5.90826,  0.619293,   6.45898,   45.2662,   819.937,   18.1137,    17.357
        23,       529,       100,     10000,  0.038623,    2.0713,  0.016133,   2.47939,  0.111888,    1.0769,   9.62481,   6.46228
        23,       529,       200,     40000,  0.111189,   2.87798,  0.045747,    3.4975,  0.425062,   12.0265,   28.2934,   20.6641
        23,       529,       300,     90000,  0.147577,   4.87881,  0.065163,   5.52461,   1.14374,   23.1533,   20.2435,   17.0687
        23,       529,       400,    160000,  0.239629,   5.34159,  0.109723,   5.83287,    2.5774,    54.884,   21.2943,   18.7525
        23,       529,       500,    250000,  0.360666,    5.5453,  0.163991,    6.0979,   5.05087,    107.21,   21.2261,   19.2287
        23,       529,       600,    360000,  0.504333,   5.71051,  0.231807,   6.21206,   8.85268,    185.97,   21.0072,   19.3944
        23,       529,       700,    490000,  0.676424,   5.79518,   0.31024,   6.31769,   14.2105,   295.083,   20.7652,    19.417
        23,       529,       800,    640000,  0.875685,   5.84685,  0.401874,   6.37016,    21.424,   441.176,   20.5926,   19.4337
        23,       529,       900,    810000,   1.09904,   5.89604,  0.504752,   6.41899,   30.7598,   597.413,   19.4219,   18.4594
        23,       529,      1000,   1000000,   1.35173,   5.91833,  0.619992,    6.4517,   43.6957,   824.265,   18.8638,   18.0493
        24,       576,       100,     10000,  0.041067,   1.94804,  0.016413,   2.43709,  0.092681,  0.867234,   9.35719,   5.77536
        24,       576,       200,     40000,  0.082274,   3.88944,  0.034153,    4.6848,  0.347466,   11.8442,   34.0873,   25.5321
        24,       576,       300,     90000,  0.147926,    4.8673,  0.064883,   5.54845,   1.04031,   23.1454,   22.2486,   18.4703
        24,       576,       400,    160000,  0.238721,   5.36191,  0.107138,    5.9736,   2.37206,   54.9067,   23.1473,   20.2018
        24,       576,       500,    250000,  0.358362,   5.58095,  0.163013,   6.13448,   4.73735,   107.395,   22.6698,   20.4222
        24,       576,       600,    360000,  0.504472,   5.70894,  0.232506,   6.19339,   7.96302,   186.929,   23.4747,   21.4861
        24,       576,       700,    490000,  0.678311,   5.77906,  0.309752,   6.32764,   13.2778,   299.017,     22.52,   20.9603
        24,       576,       800,    640000,  0.874848,   5.85245,  0.400966,   6.38458,   19.6169,   439.695,   22.4141,   21.0454
        24,       576,       900,    810000,   1.09869,   5.89792,  0.502936,   6.44217,   29.3215,   598.096,   20.3979,   19.3414
        24,       576,      1000,   1000000,   1.35327,   5.91162,  0.618734,   6.46481,   40.2571,   823.986,   20.4681,   19.5123
        25,       625,       100,     10000,  0.040649,   1.96807,  0.015924,   2.51193,  0.099107,  0.843419,   8.51019,   5.41765
        25,       625,       200,     40000,  0.081785,    3.9127,  0.034153,    4.6848,  0.355568,    6.9216,   19.4663,   14.6798
        25,       625,       300,     90000,  0.153095,   4.70296,   0.06628,    5.4315,   1.02997,   23.3011,   22.6231,   18.6507
        25,       625,       400,    160000,  0.240119,   5.33069,  0.109513,   5.84406,   2.40384,   54.9469,    22.858,   19.9555
        25,       625,       500,    250000,  0.359828,   5.55821,  0.162453,   6.15563,   4.78428,   107.209,   22.4085,    20.203
        25,       625,       600,    360000,   0.50999,   5.64717,  0.230549,   6.24596,   8.30134,   185.557,   22.3527,    20.522
        25,       625,       700,    490000,  0.677682,   5.78442,  0.310241,   6.31767,   13.6939,   295.212,   21.5579,   20.1073
        25,       625,       800,    640000,  0.875895,   5.84545,  0.402991,    6.3525,   20.2493,   442.263,   21.8409,   20.5435
        25,       625,       900,    810000,   1.14793,   5.64494,  0.504123,     6.427,   29.1954,   619.385,   21.2151,    20.079
        25,       625,      1000,   1000000,   1.35487,   5.90461,  0.618595,   6.46627,   41.4814,   821.527,   19.8047,   18.9053
        26,       676,       100,     10000,  0.040578,   1.97151,  0.016483,   2.42674,   0.10609,  0.818274,   7.71302,   5.01544
        26,       676,       200,     40000,  0.083322,   3.84052,  0.033944,   4.71365,   0.37708,   7.06478,   18.7355,   14.2912
        26,       676,       300,     90000,  0.147786,   4.87191,  0.065792,   5.47179,   1.06419,   23.1383,   21.7426,   18.1084
        26,       676,       400,    160000,  0.239141,   5.35249,  0.107558,   5.95028,    2.5077,   54.9164,   21.8992,   19.2393
        26,       676,       500,    250000,  0.358292,   5.58204,  0.163082,   6.13188,   4.97363,   107.558,   21.6257,   19.5738
        26,       676,       600,    360000,  0.506009,    5.6916,  0.232087,   6.20457,   8.63477,   186.231,   21.5676,   19.8692
        26,       676,       700,    490000,  0.713371,   5.49504,  0.309961,   6.32338,   13.7588,   295.493,   21.4766,   19.9899
        26,       676,       800,    640000,  0.916682,   5.58536,  0.402503,    6.3602,   20.0235,   442.528,   22.1004,   20.7344
        26,       676,       900,    810000,   1.09953,   5.89343,  0.504054,   6.42788,   28.8392,   598.139,   20.7405,    19.648
        26,       676,      1000,   1000000,   1.35529,   5.90278,  0.618874,   6.46335,   41.5435,   820.453,   19.7493,   18.8533
        27,       729,       100,     10000,   0.04002,     1.999,  0.015575,   2.56822,  0.103507,  0.819113,    7.9136,   5.14835
        27,       729,       200,     40000,  0.112726,   2.83874,  0.043791,   3.65372,  0.422757,   8.98845,   21.2615,   15.5167
        27,       729,       300,     90000,  0.149253,   4.82402,  0.065233,   5.51868,   1.08633,   23.3148,    21.462,   17.9232
        27,       729,       400,    160000,  0.271337,   4.71738,  0.115659,   5.53351,   2.42898,    55.344,   22.7849,   19.6536
        27,       729,       500,    250000,  0.358781,   5.57443,  0.162174,   6.16622,   5.16814,   107.045,   20.7125,   18.8159
        27,       729,       600,    360000,   0.50496,   5.70342,  0.231738,   6.21391,   9.08567,   186.029,    20.475,   18.9393
        27,       729,       700,    490000,  0.717003,    5.4672,  0.309054,   6.34193,    14.525,   294.849,   20.2994,     18.96
        27,       729,       800,    640000,  0.875964,   5.84499,  0.400338,    6.3946,   21.2102,    441.81,   20.8301,   19.6478
        27,       729,       900,    810000,    1.1026,     5.877,  0.504542,   6.42167,   30.0486,   633.889,   21.0954,   20.0244
        27,       729,      1000,   1000000,   1.38833,   5.76232,  0.633193,   6.31719,   44.5226,   824.448,   18.5175,   17.7133
        28,       784,       100,     10000,  0.042116,   1.89952,  0.016413,   2.43709,  0.101132,  0.867165,   8.57459,   5.43129
        28,       784,       200,     40000,  0.082135,   3.89602,  0.035969,   4.44827,  0.420451,   6.91203,   16.4396,   12.8344
        28,       784,       300,     90000,  0.148346,   4.85352,  0.065791,   5.47187,   1.10512,   23.2643,   21.0514,   17.6344
        28,       784,       400,    160000,  0.240049,   5.33224,  0.109094,    5.8665,   2.88575,   54.8467,    19.006,   16.9547
        28,       784,       500,    250000,  0.357524,   5.59403,  0.161895,   6.17684,   5.51407,   107.622,   19.5177,   17.8375
        28,       784,       600,    360000,  0.504682,   5.70656,  0.231249,   6.22705,   10.1714,   186.034,     18.29,   17.0559
        28,       784,       700,    490000,  0.676355,   5.79577,  0.310031,   6.32195,   16.7592,   295.225,   17.6157,   16.6365
        28,       784,       800,    640000,  0.875756,   5.84638,  0.400896,    6.3857,   24.9123,       441,   17.7021,   16.8391
        28,       784,       900,    810000,   1.10044,   5.88855,  0.503635,   6.43323,   36.6246,   597.901,   16.3251,   15.6401
        28,       784,      1000,   1000000,   1.35327,   5.91162,  0.618526,   6.46699,   49.8599,   820.254,   16.4512,   15.8254
        29,       841,       100,     10000,  0.041137,   1.94472,  0.016343,   2.44753,  0.099246,  0.867305,   8.73894,   5.53389
        29,       841,       200,     40000,  0.110001,   2.90906,  0.043163,   3.70688,  0.413747,   9.14818,   22.1106,   16.1369
        29,       841,       300,     90000,  0.148066,    4.8627,  0.065093,   5.53055,   1.14073,    23.228,   20.3623,   17.1564
        29,       841,       400,    160000,  0.240886,   5.31372,  0.107139,   5.97355,   2.70304,   54.8993,   20.3102,   17.9935
        29,       841,       500,    250000,   0.35913,   5.56901,  0.166155,   6.01848,   5.56428,   107.714,   19.3581,   17.6883
        29,       841,       600,    360000,  0.534504,   5.38817,  0.231528,   6.21955,   10.3602,   185.713,   17.9257,   16.6915
        29,       841,       700,    490000,  0.675098,   5.80656,   0.31038,   6.31484,   17.2808,   295.094,   17.0764,   16.1551
        29,       841,       800,    640000,  0.877221,   5.83661,  0.401315,   6.37903,   25.0809,   441.741,   17.6126,   16.7584
        29,       841,       900,    810000,   1.09813,   5.90092,  0.514041,     6.303,   36.1884,   597.693,   16.5161,   15.8117
        29,       841,      1000,   1000000,   1.35264,   5.91436,  0.618316,   6.46918,   49.2381,   824.828,   16.7518,   16.1071
        30,       900,       100,     10000,  0.069563,   1.15004,  0.025283,   1.58209,  0.146948,   2.48555,   16.9145,   10.2796
        30,       900,       200,     40000,  0.081855,   3.90935,  0.034362,   4.65631,  0.373308,   6.91239,   18.5166,   14.1206
        30,       900,       300,     90000,  0.147507,   4.88112,  0.064744,   5.56036,  0.986456,   23.2436,   23.5627,   19.3905
        30,       900,       400,    160000,  0.268893,   4.76026,  0.108675,   5.88912,   2.79293,   55.1354,    19.741,   17.3901
        30,       900,       500,    250000,  0.386857,   5.16987,  0.163431,   6.11879,   5.52245,   107.145,   19.4017,   17.6436
        30,       900,       600,    360000,   0.50573,   5.69474,  0.231807,   6.21206,   9.99222,   186.856,   18.7002,   17.4148
        30,       900,       700,    490000,  0.677543,   5.78561,   0.31031,   6.31626,   16.7874,   296.222,   17.6455,   16.6649
        30,       900,       800,    640000,  0.874778,   5.85291,  0.401663,    6.3735,    24.548,   441.005,    17.965,    17.077
        30,       900,       900,    810000,   1.10219,   5.87923,  0.504053,    6.4279,   34.4756,   598.274,   17.3536,    16.581
        30,       900,      1000,   1000000,   1.36675,   5.85331,  0.619434,   6.45751,   48.8082,   838.545,   17.1804,   16.5086
        31,       961,       100,     10000,  0.040299,   1.98516,  0.015785,   2.53405,  0.095196,  0.821836,   8.63309,   5.43255
        31,       961,       200,     40000,  0.108884,   2.93891,     0.044,   3.63636,  0.374984,   11.6489,    31.065,   22.0678
        31,       961,       300,     90000,  0.148345,   4.85355,  0.065093,   5.53055,  0.999235,    23.152,   23.1697,   19.0917
        31,       961,       400,    160000,   0.23956,   5.34313,  0.108256,   5.91191,   2.72036,   54.8613,   20.1669,   17.8808
        31,       961,       500,    250000,  0.356896,   5.60387,  0.162384,   6.15824,   5.69055,   107.215,   18.8409,   17.2654
        31,       961,       600,    360000,  0.504332,   5.71052,  0.231598,   6.21767,    9.6905,   186.738,   19.2702,   17.9101
        31,       961,       700,    490000,  0.715956,    5.4752,  0.311637,   6.28937,   16.4473,   295.414,   17.9613,   16.9051
        31,       961,       800,    640000,  0.892448,   5.73703,  0.401734,   6.37238,   24.4271,   442.338,   18.1085,   17.1973
        31,       961,       900,    810000,   1.11259,   5.82424,  0.504681,    6.4199,   34.3852,   620.061,   18.0328,   17.2227
        31,       961,      1000,   1000000,   1.35299,   5.91284,  0.619293,   6.45898,   47.8514,   821.929,   17.1767,   16.4968
        32,      1024,       100,     10000,  0.068725,   1.16406,  0.025702,    1.5563,  0.131444,   2.65087,   20.1673,   11.7362
        32,      1024,       200,     40000,  0.113424,   2.82127,  0.043512,   3.67715,  0.351936,    8.9844,   25.5285,   17.6555
        32,      1024,       300,     90000,  0.148275,   4.85584,  0.065163,   5.52461,  0.970882,   23.2428,   23.9399,   19.6254
        32,      1024,       400,    160000,  0.269592,   4.74792,  0.108675,   5.88912,   2.48144,   54.8355,   22.0983,   19.1752
        32,      1024,       500,    250000,  0.364648,   5.48474,   0.16392,   6.10054,   5.11883,   107.315,   20.9649,   19.0026
        32,      1024,       600,    360000,  0.503005,   5.72559,   0.23083,   6.23836,   9.31608,   186.012,   19.9668,   18.5089
        32,      1024,       700,    490000,  0.676844,   5.79159,   0.31024,   6.31769,    15.071,    295.51,   19.6078,   18.4025
        32,      1024,       800,    640000,  0.876942,   5.83847,  0.401665,   6.37347,   20.8048,   439.632,   21.1313,   19.9079
        32,      1024,       900,    810000,   1.10051,   5.88819,  0.503634,   6.43324,    32.717,    597.82,   18.2725,   17.4184
        32,      1024,      1000,   1000000,   1.35131,   5.92018,  0.619224,    6.4597,   43.6361,   821.525,   18.8267,   18.0133
         1,         1,      1100,   1210000,    1.6346,   5.92196,  0.761003,   6.36003,   3510.11,   1095.74,  0.312167,  0.311954
         1,         1,      1200,   1440000,    1.9361,    5.9501,  0.900759,   6.39461,   4511.53,   1418.96,  0.314517,   0.31432
         1,         1,      1300,   1690000,   2.26848,   5.95994,   1.05134,   6.42989,   5802.34,   1823.92,  0.314342,  0.314162
         1,         1,      1400,   1960000,   2.62322,    5.9774,   1.21686,   6.44279,   7234.05,   2283.01,  0.315592,  0.315425
         1,         1,      1500,   2250000,   3.00337,   5.99328,   1.39287,   6.46149,   9037.53,   2846.28,   0.31494,  0.314787
         1,         1,      1600,   2560000,   3.41132,   6.00354,   1.57984,   6.48168,   14066.9,   3408.77,  0.242325,  0.242239
         2,         4,      1100,   1210000,   1.63117,   5.93439,  0.756464,   6.39819,   1028.98,   1093.16,   1.06237,   1.05991
         2,         4,      1200,   1440000,   1.94176,   5.93277,  0.893216,   6.44861,   1352.03,   1417.16,   1.04817,   1.04598
         2,         4,      1300,   1690000,    2.2687,   5.95937,   1.04931,    6.4423,   1847.09,   1825.61,   0.98837,  0.986598
         2,         4,      1400,   1960000,   2.63844,   5.94291,   1.21812,   6.43614,   2384.55,   2277.98,  0.955308,  0.953766
         2,         4,      1500,   2250000,   3.00567,   5.98868,   1.38889,      6.48,   2992.38,    2840.5,  0.949245,  0.947853
         2,         4,      1600,   2560000,   3.40929,   6.00711,   1.57698,   6.49344,   3650.65,    3410.3,  0.934163,  0.932889
         3,         9,      1100,   1210000,   1.63473,   5.92146,  0.750317,   6.45061,   549.374,   1092.39,   1.98842,   1.97983
         3,         9,      1200,   1440000,    1.9368,   5.94796,  0.894821,   6.43704,    737.31,   1418.33,   1.92365,   1.91629
         3,         9,      1300,   1690000,   2.27128,    5.9526,   1.04044,   6.49723,   956.655,   1819.21,   1.90163,   1.89507
         3,         9,      1400,   1960000,   2.62915,    5.9639,   1.20835,   6.48821,   1202.78,   2293.91,   1.90717,   1.90111
         3,         9,      1500,   2250000,   3.00448,   5.99105,   1.38512,   6.49765,   1473.41,   2839.98,   1.92749,   1.92177
         3,         9,      1600,   2560000,   3.41348,   5.99975,   1.57271,   6.51104,   1695.77,   3411.69,   2.01188,   2.00598
         4,        16,      1100,   1210000,   1.62887,   5.94278,  0.753112,   6.42667,   340.892,   1093.41,   3.20751,   3.18525
         4,        16,      1200,   1440000,   1.93876,   5.94195,  0.887908,   6.48716,   450.778,   1418.74,   3.14731,    3.1277
         4,        16,      1300,   1690000,   2.26863,   5.95955,   1.04163,   6.48983,   570.929,   1822.73,   3.19257,   3.17417
         4,        16,      1400,   1960000,    2.6228,   5.97835,    1.2036,   6.51381,   715.995,   2283.22,   3.18888,   3.17193
         4,        16,      1500,   2250000,   3.00455,   5.99091,   1.38016,     6.521,   872.685,   2841.86,   3.25645,   3.24017
         4,        16,      1600,   2560000,   3.44679,   5.94176,   1.57166,   6.51539,   1061.88,   3407.05,   3.20852,   3.19343
         5,        25,      1100,   1210000,   1.63292,   5.92805,  0.747035,   6.47895,   235.339,   1093.19,   4.64519,   4.59868
         5,        25,      1200,   1440000,   1.93729,   5.94644,  0.889166,   6.47798,   304.985,   1420.55,   4.65776,   4.61499
         5,        25,      1300,   1690000,    2.2673,   5.96304,    1.0396,   6.50248,   388.836,   1827.65,   4.70032,   4.66068
         5,        25,      1400,   1960000,   2.62364,   5.97644,   1.20157,   6.52479,   485.627,   2283.84,   4.70287,   4.66612
         5,        25,      1500,   2250000,   3.00693,   5.98617,   1.37855,    6.5286,    595.48,   2842.42,   4.77333,   4.73844
         5,        25,      1600,   2560000,   3.41145,    6.0033,   1.57069,   6.51943,   709.443,   3410.47,   4.80725,   4.77373
         6,        36,      1100,   1210000,   1.63599,    5.9169,  0.747104,   6.47835,   142.092,   1092.06,   7.68557,   7.55879
         6,        36,      1200,   1440000,   1.93659,   5.94859,  0.885464,   6.50506,   187.719,   1418.93,   7.55877,   7.44682
         6,        36,      1300,   1690000,   2.27093,   5.95351,   1.03849,   6.50947,   234.391,   1820.65,   7.76757,   7.65943
         6,        36,      1400,   1960000,   2.62286,    5.9782,   1.20157,    6.5248,   292.956,   2283.18,   7.79359,   7.69316
         6,        36,      1500,   2250000,   3.00755,   5.98493,   1.37952,   6.52398,   358.381,   2837.57,   7.91776,     7.822
         6,        36,      1600,   2560000,   3.41453,    5.9979,   1.56615,   6.53834,   462.835,   3406.06,   7.35912,   7.28077
         7,        49,      1100,   1210000,   1.63166,    5.9326,  0.746476,    6.4838,    113.68,    1094.4,   9.62702,   9.42976
         7,        49,      1200,   1440000,   1.93918,   5.94067,  0.885742,   6.50302,   146.637,   1417.39,   9.66599,    9.4833
         7,        49,      1300,   1690000,   2.26799,   5.96121,   1.04009,   6.49941,   187.227,   1826.52,   9.75567,   9.58629
         7,        49,      1400,   1960000,   2.62384,   5.97597,   1.20178,   6.52366,   232.844,   2279.95,   9.79174,   9.63346
         7,        49,      1500,   2250000,   3.00295,   5.99411,   1.37743,    6.5339,     287.5,   2841.44,   9.88326,   9.73494
         7,        49,      1600,   2560000,   3.40824,   6.00897,   1.56587,    6.5395,   350.518,   3405.63,     9.716,   9.58005
         8,        64,      1100,   1210000,   1.63152,   5.93311,  0.746547,   6.48318,   90.9592,   1092.62,   12.0122,   11.7061
         8,        64,      1200,   1440000,   1.93729,   5.94645,  0.884556,   6.51174,   115.471,   1419.35,   12.2919,   11.9987
         8,        64,      1300,   1690000,   2.26709,   5.96359,   1.03821,   6.51121,   150.908,   1832.49,   12.1431,   11.8829
         8,        64,      1400,   1960000,   2.62936,   5.96342,   1.20073,   6.52934,    183.96,   2282.93,   12.4099,   12.1568
         8,        64,      1500,   2250000,   3.00386,    5.9923,   1.37646,   6.53853,   230.643,   2844.99,   12.3351,   12.1052
         8,        64,      1600,   2560000,   3.40929,   6.00712,   1.56356,   6.54914,   279.407,   3406.22,   12.1909,   11.9777
         9,        81,      1100,   1210000,   1.63606,   5.91666,  0.746477,   6.48379,   72.2266,   1090.54,   15.0989,   14.6168
         9,        81,      1200,   1440000,   1.93841,   5.94302,  0.885603,   6.50404,   92.5094,   1418.99,   15.3389,   14.8845
         9,        81,      1300,   1690000,   2.26758,   5.96231,   1.04107,    6.4933,   120.701,   1848.38,   15.3137,   14.9051
         9,        81,      1400,   1960000,   2.62629,    5.9704,   1.20171,   6.52404,   152.211,   2306.32,    15.152,   14.7803
         9,        81,      1500,   2250000,   3.00232,   5.99536,   1.37645,   6.53854,   184.111,   2842.53,   15.4392,   15.0806
         9,        81,      1600,   2560000,   3.41138,   6.00343,   1.56294,   6.55178,   233.948,   3407.24,   14.5641,   14.2609
        10,       100,      1100,   1210000,   1.62873,   5.94329,  0.746057,   6.48744,   75.2155,   1092.04,   14.5189,   14.0745
        10,       100,      1200,   1440000,   1.93659,   5.94861,  0.888537,   6.48257,   95.2308,   1419.01,   14.9008,   14.4715
        10,       100,      1300,   1690000,   2.26443,   5.97058,   1.03828,   6.51079,   126.355,   1822.04,     14.42,   14.0527
        10,       100,      1400,   1960000,   2.64613,   5.92565,   1.20227,   6.52101,   153.843,   2283.42,   14.8425,   14.4803
        10,       100,      1500,   2250000,   3.00714,   5.98576,   1.37611,   6.54018,   191.297,   2842.03,   14.8567,   14.5239
        10,       100,      1600,   2560000,   3.40964,    6.0065,   1.56315,   6.55089,   225.744,   3416.08,   15.1326,   14.8064
        11,       121,      1100,   1210000,   1.63278,   5.92855,  0.746965,   6.47955,   61.8662,   1113.14,   17.9926,   17.3262
        11,       121,      1200,   1440000,   1.93855,   5.94259,  0.884694,   6.51073,   79.7564,   1418.77,   17.7888,   17.1807
        11,       121,      1300,   1690000,   2.26876,   5.95919,   1.03779,   6.51384,   104.469,   1827.88,   17.4969,   16.9601
        11,       121,      1400,   1960000,   2.62615,   5.97072,   1.20038,   6.53126,   130.276,   2281.47,   17.5126,   17.0129
        11,       121,      1500,   2250000,   3.00525,   5.98951,   1.37757,   6.53323,   160.424,   2837.91,     17.69,   17.2196
        11,       121,      1600,   2560000,   3.43932,   5.95467,   1.56329,   6.55031,    200.01,   3410.68,   17.0525,   16.6364
        12,       144,      1100,   1210000,   1.63194,   5.93159,  0.745917,   6.48866,   61.9059,   1094.63,   17.6821,   17.0281
        12,       144,      1200,   1440000,   1.93806,   5.94409,  0.887698,   6.48869,   78.1699,   1416.98,    18.127,   17.4946
        12,       144,      1300,   1690000,   2.26953,   5.95717,   1.03765,   6.51472,   107.047,   1822.93,   17.0293,    16.519
        12,       144,      1400,   1960000,   2.63712,   5.94589,   1.20045,   6.53087,   125.351,    2284.1,   18.2217,   17.6804
        12,       144,      1500,   2250000,    3.0056,   5.98882,   1.37639,   6.53886,   162.884,    2840.2,    17.437,   16.9802
        12,       144,      1600,   2560000,   3.41125,   6.00367,   1.56335,   6.55002,   189.709,   3408.78,   17.9685,   17.5094
        13,       169,      1100,   1210000,   1.62956,   5.94024,  0.745988,   6.48804,   87.1392,   1093.39,   12.5476,   12.2146
        13,       169,      1200,   1440000,    1.9389,   5.94153,  0.887629,    6.4892,   110.821,   1417.89,   12.7944,   12.4762
        13,       169,      1300,   1690000,   2.26625,    5.9658,   1.03751,   6.51559,   142.316,   1837.55,   12.9118,   12.6189
        13,       169,      1400,   1960000,    2.6251,   5.97311,   1.20359,   6.51382,   179.081,   2280.62,   12.7351,   12.4685
        13,       169,      1500,   2250000,    3.0026,   5.99481,   1.37757,   6.53323,    223.76,   2877.12,   12.8581,   12.6112
        13,       169,      1600,   2560000,   3.41355,   5.99962,   1.56587,    6.5395,   265.639,   3433.64,    12.926,   12.6881
        14,       196,      1100,   1210000,    1.6378,   5.91035,  0.746057,   6.48744,   65.2284,   1099.82,    16.861,   16.2665
        14,       196,      1200,   1440000,   1.94002,   5.93809,  0.885742,   6.50302,   81.6519,    1444.6,   17.6922,   17.1004
        14,       196,      1300,   1690000,   2.26953,   5.95718,   1.03667,   6.52087,   113.345,   1829.29,   16.1391,   15.6817
        14,       196,      1400,   1960000,   2.62615,   5.97072,   1.20178,   6.52366,   132.945,   2289.93,   17.2246,   16.7425
        14,       196,      1500,   2250000,   3.00511,   5.98979,   1.37562,   6.54251,   176.492,   2852.45,   16.1619,   15.7705
        14,       196,      1600,   2560000,    3.4118,   6.00269,   1.56587,    6.5395,    199.55,   3421.39,   17.1455,   16.7282
        15,       225,      1100,   1210000,   1.63082,   5.93566,  0.746685,   6.48198,   80.1501,   1094.67,   13.6578,   13.2643
        15,       225,      1200,   1440000,   1.93673,   5.94817,  0.885673,   6.50353,   102.442,   1424.63,   13.9067,   13.5338
        15,       225,      1300,   1690000,   2.27016,   5.95553,   1.04086,   6.49462,   131.756,   1835.58,   13.9316,   13.5901
        15,       225,      1400,   1960000,   2.62412,   5.97534,   1.20122,    6.5267,   165.886,   2297.61,   13.8505,   13.5383
        15,       225,      1500,   2250000,   3.00476,   5.99049,   1.37708,   6.53554,   206.966,   2863.14,   13.8339,   13.5471
        15,       225,      1600,   2560000,   3.41139,   6.00342,   1.56419,    6.5465,   235.629,   3425.11,    14.536,   14.2354
        16,       256,      1100,   1210000,   1.63306,   5.92754,  0.745986,   6.48806,   50.2496,   1096.43,   21.8197,   20.8334
        16,       256,      1200,   1440000,   1.93729,   5.94645,  0.887837,   6.48768,   62.6949,   1423.13,   22.6993,   21.7206
        16,       256,      1300,   1690000,   2.26883,   5.95901,   1.03807,   6.51209,   85.1061,    1843.2,   21.6577,   20.8477
        16,       256,      1400,   1960000,   2.62279,   5.97836,   1.20234,   6.52063,   102.572,    2292.1,   22.3462,   21.5428
        16,       256,      1500,   2250000,    3.0056,   5.98882,   1.37695,    6.5362,    132.58,   2852.89,   21.5182,   20.8296
        16,       256,      1600,   2560000,   3.41251,   6.00145,   1.56314,    6.5509,    153.38,   3422.52,   22.3139,   21.6128
        17,       289,      1100,   1210000,   1.63103,   5.93489,  0.746338,     6.485,   58.1615,   1098.82,   18.8927,   18.1507
        17,       289,      1200,   1440000,   1.94078,   5.93575,  0.885531,   6.50457,   75.1924,   1424.76,   18.9483,   18.2618
        17,       289,      1300,   1690000,   2.26953,   5.95717,   1.03737,   6.51648,    102.92,    1831.3,   17.7934,   17.2395
        17,       289,      1400,   1960000,   2.62315,   5.97756,   1.20059,   6.53011,   130.137,   2291.92,   17.6117,    17.109
        17,       289,      1500,   2250000,   3.00434,   5.99132,   1.37548,   6.54318,   155.329,   2843.57,   18.3067,   17.8046
        17,       289,      1600,   2560000,    3.4271,   5.97589,    1.5635,   6.54943,   197.574,   3450.99,   17.4668,   17.0364
        18,       324,      1100,   1210000,   1.63166,    5.9326,   0.74571,   6.49046,   57.4894,   1092.62,   19.0055,   18.2508
        18,       324,      1200,   1440000,   1.97312,   5.83847,  0.887698,   6.48869,   75.2695,   1421.82,   18.8897,   18.1981
        18,       324,      1300,   1690000,   2.26939,   5.95754,   1.03786,   6.51342,   96.4511,   1820.14,   18.8711,   18.2455
        18,       324,      1400,   1960000,   2.62363,   5.97644,   1.20192,    6.5229,   121.004,   2282.33,   18.8616,   18.2835
        18,       324,      1500,   2250000,   3.00693,   5.98618,   1.37673,   6.53721,   148.945,   2838.18,   19.0552,   18.5104
        18,       324,      1600,   2560000,   3.41529,   5.99656,   1.56405,   6.54709,   179.289,   3405.95,    18.997,   18.4837
        19,       361,      1100,   1210000,   1.63376,     5.925,  0.746546,   6.48319,   59.9639,   1092.03,   18.2115,   17.5162
        19,       361,      1200,   1440000,    1.9368,   5.94794,  0.885534,   6.50455,   76.8049,   1452.09,   18.9062,    18.236
        19,       361,      1300,   1690000,     2.271,   5.95333,   1.05672,   6.39717,   106.532,    1859.6,   17.4558,    16.927
        19,       361,      1400,   1960000,   2.62286,   5.97821,    1.2022,   6.52138,   125.029,   2286.91,   18.2911,   17.7481
        19,       361,      1500,   2250000,   3.00518,   5.98965,   1.37589,    6.5412,   154.363,   2845.58,   18.4344,   17.9256
        19,       361,      1600,   2560000,   3.40964,   6.00649,   1.56384,   6.54798,   189.792,   3416.71,   18.0023,   17.5426
        20,       400,      1100,   1210000,   1.63215,   5.93082,  0.746686,   6.48198,   55.8496,   1091.25,    19.539,   18.7408
        20,       400,      1200,   1440000,   1.93694,   5.94753,  0.886792,   6.49532,   72.4668,   1418.59,   19.5757,   18.8415
        20,       400,      1300,   1690000,   2.27169,    5.9515,   1.03751,   6.51561,   93.1569,   1829.85,   19.6427,   18.9689
        20,       400,      1400,   1960000,   2.62587,   5.97136,   1.20059,    6.5301,   117.088,   2284.23,   19.5086,   18.8913
        20,       400,      1500,   2250000,   3.00497,   5.99007,    1.3761,    6.5402,   140.451,   2844.14,     20.25,   19.6375
        20,       400,      1600,   2560000,   3.41131,   6.00355,   1.64975,     6.207,   178.774,   3417.39,   19.1157,   18.5894
        21,       441,      1100,   1210000,   1.62998,   5.93871,  0.747245,   6.47713,   55.9902,   1092.45,   19.5114,   18.7168
        21,       441,      1200,   1440000,   1.93918,   5.94067,  0.886371,   6.49841,   73.4751,   1419.31,   19.3169,   18.6016
        21,       441,      1300,   1690000,   2.27351,   5.94675,   1.03793,   6.51297,    95.536,   1825.67,   19.1097,   18.4695
        21,       441,      1400,   1960000,   2.62447,   5.97454,   1.20066,   6.52973,   119.082,   2282.25,   19.1654,   18.5689
        21,       441,      1500,   2250000,   3.00483,   5.99035,   1.37632,    6.5392,   151.301,   2848.07,   18.8238,   18.2941
        21,       441,      1600,   2560000,   3.40874,   6.00809,   1.56454,   6.54504,   190.038,   3409.29,   17.9401,   17.4826
        22,       484,      1100,   1210000,   1.63306,   5.92753,  0.750108,    6.4524,   55.2097,   1116.23,    20.218,   19.3814
        22,       484,      1200,   1440000,   1.93883,   5.94173,  0.885393,   6.50559,   71.8967,   1419.76,   19.7473,   19.0009
        22,       484,      1300,   1690000,   2.26834,    5.9603,   1.03695,   6.51911,   96.3157,   1834.27,   19.0444,   18.4125
        22,       484,      1400,   1960000,   2.62622,   5.97057,   1.20206,   6.52215,   116.597,   2305.16,   19.7702,   19.1418
        22,       484,      1500,   2250000,    3.0026,   5.99481,    1.3928,   6.46182,   151.247,   2874.79,   19.0072,   18.4704
        22,       484,      1600,   2560000,   3.41083,   6.00441,   1.56573,   6.54009,    191.24,   3411.36,   17.8381,   17.3857
        23,       529,      1100,   1210000,   1.63334,   5.92651,  0.746617,   6.48257,   55.7448,   1092.98,   19.6069,   18.8041
        23,       529,      1200,   1440000,   1.93736,   5.94624,  0.885533,   6.50456,     73.08,    1420.5,   19.4376,   18.7147
        23,       529,      1300,   1690000,   2.26911,   5.95828,   1.03695,   6.51911,   93.7911,   1830.38,   19.5155,    18.851
        23,       529,      1400,   1960000,   2.62447,   5.97454,   1.20059,   6.53012,    118.32,   2288.52,   19.3417,    18.736
        23,       529,      1500,   2250000,   3.00637,   5.98729,   1.37743,   6.53388,   146.496,   2841.98,   19.3998,   18.8361
        23,       529,      1600,   2560000,   3.41125,   6.00367,   1.56468,   6.54446,   189.266,   3435.06,   18.1494,   17.6845
        24,       576,      1100,   1210000,   1.64437,   5.88675,  0.751365,   6.44161,   53.0599,   1102.61,   20.7805,   19.8827
        24,       576,      1200,   1440000,   1.95824,   5.88282,  0.890002,    6.4719,   68.0818,   1432.43,   21.0399,    20.195
        24,       576,      1300,   1690000,   2.30934,   5.85448,   1.04128,     6.492,    90.039,    1856.5,   20.6188,   19.8791
        24,       576,      1400,   1960000,   2.65506,    5.9057,   1.20429,   6.51004,   109.462,   2297.22,   20.9865,   20.2718
        24,       576,      1500,   2250000,   3.00728,   5.98548,   1.37792,   6.53158,   135.617,   2839.17,   20.9353,   20.2795
        24,       576,      1600,   2560000,   3.40971,   6.00637,   1.56468,   6.54446,   160.181,   3408.49,    21.279,   20.6381
        25,       625,      1100,   1210000,   1.63068,   5.93617,  0.747384,   6.47592,   52.4934,   1091.79,   20.7987,   19.8973
        25,       625,      1200,   1440000,   1.93722,   5.94666,  0.885812,   6.50251,   67.9406,   1424.12,   20.9612,    20.125
        25,       625,      1300,   1690000,   2.26695,   5.96396,   1.03674,   6.52043,   87.0397,   1825.27,   20.9705,   20.2037
        25,       625,      1400,   1960000,   2.62342,   5.97693,   1.20059,    6.5301,    112.62,   2283.04,   20.2721,   19.6064
        25,       625,      1500,   2250000,   3.00386,    5.9923,   1.37555,   6.54284,   144.542,   2844.43,   19.6789,   19.1002
        25,       625,      1600,   2560000,   3.40636,   6.01229,   1.56384,   6.54798,    183.51,   3412.54,   18.5959,   18.1056
        26,       676,      1100,   1210000,   1.63299,   5.92779,  0.746338,     6.485,    54.574,   1092.69,   20.0221,   19.1857
        26,       676,      1200,   1440000,   1.93792,   5.94452,  0.884764,   6.51021,   73.9642,   1419.05,   19.1856,   18.4804
        26,       676,      1300,   1690000,   2.26792,    5.9614,   1.03842,    6.5099,   92.1117,   1821.27,   19.7724,   19.0873
        26,       676,      1400,   1960000,   2.62238,   5.97931,   1.20513,   6.50552,   115.432,   2283.26,   19.7802,   19.1453
        26,       676,      1500,   2250000,   3.00421,    5.9916,   1.37792,   6.53157,    144.97,   2838.04,   19.5767,   19.0023
        26,       676,      1600,   2560000,   3.41285,   6.00085,   1.56307,   6.55119,   181.452,   3413.18,   18.8103,   18.3083
        27,       729,      1100,   1210000,   1.63229,   5.93032,  0.747873,   6.47169,   55.5333,   1094.26,   19.7046,   18.8948
        27,       729,      1200,   1440000,   1.93701,    5.9473,  0.889933,    6.4724,   75.0342,   1421.18,   18.9404,   18.2527
        27,       729,      1300,   1690000,   2.26716,   5.96342,   1.03681,   6.51999,   97.7393,   1830.05,   18.7238,   18.1115
        27,       729,      1400,   1960000,   2.62656,   5.96978,   1.20101,   6.52783,   123.363,   2305.24,   18.6867,   18.1244
        27,       729,      1500,   2250000,   3.00644,   5.98714,   1.37632,   6.53919,   148.107,   2846.39,   19.2184,   18.6661
        27,       729,      1600,   2560000,    3.4278,   5.97468,    1.5644,   6.54563,   184.155,    3411.4,   18.5247,   18.0357
        28,       784,      1100,   1210000,   1.63369,   5.92525,  0.746965,   6.47955,   65.9805,   1092.91,   16.5641,   15.9873
        28,       784,      1200,   1440000,   1.93869,   5.94217,  0.886092,   6.50045,    84.043,   1419.54,   16.8906,   16.3414
        28,       784,      1300,   1690000,   2.26883,   5.95901,   1.03919,   6.50509,    108.75,   1825.97,   16.7905,   16.2949
        28,       784,      1400,   1960000,   2.62587,   5.97136,   1.20401,   6.51155,   135.503,   2283.96,   16.8554,   16.3921
        28,       784,      1500,   2250000,   3.00672,   5.98659,   1.37688,   6.53654,   165.798,   2898.52,   17.4823,   17.0319
        28,       784,      1600,   2560000,   3.46098,    5.9174,   1.57439,   6.50411,   201.976,    3438.8,   17.0257,   16.6116
        29,       841,      1100,   1210000,   1.64374,     5.889,  0.748223,   6.46866,   63.8927,   1105.45,   17.3017,   16.6774
        29,       841,      1200,   1440000,     1.975,    5.8329,  0.890212,   6.47037,   82.5881,   1428.49,   17.2966,   16.7166
        29,       841,      1300,   1690000,   2.27163,   5.95169,   1.03807,   6.51208,   105.583,   1822.61,   17.2623,   16.7376
        29,       841,      1400,   1960000,   2.62224,   5.97963,   1.20157,    6.5248,   134.669,   2282.81,   16.9512,   16.4832
        29,       841,      1500,   2250000,   3.00434,   5.99133,   1.37652,   6.53821,   163.564,   2842.73,   17.3799,   16.9266
        29,       841,      1600,   2560000,   3.41795,   5.99189,   1.56398,   6.54739,    199.23,   3415.55,   17.1438,   16.7256
        30,       900,      1100,   1210000,   1.63669,   5.91438,  0.746616,   6.48258,   63.6604,   1117.35,   17.5518,   16.9184
        30,       900,      1200,   1440000,   1.93701,   5.94731,  0.889024,   6.47902,   80.3587,   1420.48,   17.6767,   17.0762
        30,       900,      1300,   1690000,   2.27044,    5.9548,   1.03681,   6.51999,   105.706,   1827.92,   17.2926,    16.768
        30,       900,      1400,   1960000,    2.6221,   5.97994,   1.20164,   6.52441,   132.101,   2304.83,   17.4474,   16.9566
        30,       900,      1500,   2250000,   3.00358,   5.99286,   1.37645,   6.53854,   160.258,   2841.38,     17.73,   17.2583
        30,       900,      1600,   2560000,   3.41418,   5.99851,   1.56426,   6.54621,   193.558,   3413.49,   17.6355,   17.1933
        31,       961,      1100,   1210000,   1.63152,   5.93312,  0.745987,   6.48805,   62.3869,   1116.55,   17.8973,   17.2403
        31,       961,      1200,   1440000,   1.94309,    5.9287,  0.893007,   6.45012,   79.3943,   1431.74,   18.0333,   17.4113
        31,       961,      1300,   1690000,   2.29209,   5.89854,   1.06139,   6.36898,   101.995,   1858.52,   18.2217,   17.6417
        31,       961,      1400,   1960000,   2.64885,   5.91955,   1.21037,   6.47737,     130.5,   2306.18,   17.6719,   17.1643
        31,       961,      1500,   2250000,     3.004,   5.99202,   1.37611,   6.54018,    159.19,   2841.71,   17.8511,   17.3731
        31,       961,      1600,   2560000,   3.41299,    6.0006,   1.56426,   6.54621,   191.124,   3411.04,   17.8473,   17.3943
        32,      1024,      1100,   1210000,   1.63334,   5.92651,  0.745846,   6.48928,   58.2062,   1093.78,   18.7916,   18.0536
        32,      1024,      1200,   1440000,    1.9368,   5.94796,  0.885533,   6.50456,   72.1518,   1418.49,   19.6599,   18.9198
        32,      1024,      1300,   1690000,    2.2703,   5.95517,     1.038,   6.51252,   95.5234,   1848.13,   19.3474,   18.6998
        32,      1024,      1400,   1960000,   2.62251,     5.979,   1.20129,   6.52632,   117.232,   2285.52,   19.4958,     18.88
        32,      1024,      1500,   2250000,   3.00435,   5.99131,   1.37569,   6.54219,   144.914,   2841.47,    19.608,   19.0327
        32,      1024,      1600,   2560000,   3.41257,   6.00134,   1.56566,   6.54038,   165.774,   3426.65,   20.6706,   20.0679
         1,         1,      1700,   2890000,   3.89588,   5.93447,   1.83483,   6.30031,   13966.6,   4209.67,  0.301409,  0.301286
         1,         1,      1800,   3240000,    4.3609,   5.94373,   1.99058,   6.51068,   17421.2,   4914.13,  0.282078,  0.281975
         1,         1,      1900,   3610000,   4.86739,   5.93336,   2.21443,   6.52088,   20950.6,   5845.71,  0.279024,   0.27893
         1,         1,      2000,   4000000,   5.36306,   5.96674,   2.44833,   6.53508,   24903.4,   6693.77,  0.268789,  0.268705
         1,         1,      2100,   4410000,      5.91,   5.96954,   2.71792,   6.49026,   29859.7,   7930.12,   0.26558,  0.265503
         2,         4,      1700,   2890000,   3.89553,     5.935,   1.77602,   6.50892,   4610.63,    4176.3,  0.905799,  0.904686
         2,         4,      1800,   3240000,   4.36047,   5.94431,   1.98883,   6.51638,   5441.19,   4900.05,  0.900548,  0.899498
         2,         4,      1900,   3610000,   4.84749,   5.95772,    2.2124,   6.52685,   6502.52,   5848.76,   0.89946,  0.898485
         2,         4,      2000,   4000000,   5.36627,   5.96317,   2.44987,   6.53097,    7643.6,   6692.17,  0.875526,  0.874632
         2,         4,      2100,   4410000,   5.92348,   5.95596,   2.69774,   6.53882,   8930.16,   7924.28,  0.887362,  0.886506
         3,         9,      1700,   2890000,   3.89393,   5.93744,   1.77142,   6.52585,   2165.01,   4179.39,   1.93043,   1.92539
         3,         9,      1800,   3240000,   4.36089,   5.94374,   1.98828,   6.51821,   2563.61,   4899.53,   1.91118,   1.90646
         3,         9,      1900,   3610000,   4.85216,   5.95199,   2.20981,   6.53449,   3034.68,   5854.76,   1.92929,   1.92481
         3,         9,      2000,   4000000,    5.3718,   5.95704,   2.44616,   6.54086,    3524.3,   6697.17,   1.90028,   1.89608
         3,         9,      2100,   4410000,    5.9415,   5.93789,   2.69753,   6.53932,   4089.62,   7917.83,   1.93608,     1.932
         4,        16,      1700,   2890000,   3.89505,   5.93574,   1.76981,   6.53178,   1273.58,   4180.36,   3.28237,   3.26783
         4,        16,      1800,   3240000,   4.35852,   5.94698,   1.98276,   6.53635,   1523.67,   4906.44,   3.22014,   3.20679
         4,        16,      1900,   3610000,   4.84881,    5.9561,   2.20786,   6.54027,   1784.12,   5853.46,   3.28087,   3.26794
         4,        16,      2000,   4000000,   5.37068,   5.95828,    2.4449,   6.54422,   2087.93,   6693.79,   3.20594,   3.19398
         4,        16,      2100,   4410000,   5.91167,   5.96785,   2.69389,   6.54815,   2408.86,   7919.61,    3.2877,     3.276
         5,        25,      1700,   2890000,   3.89658,   5.93341,   1.76918,   6.53411,   868.173,   4183.54,   4.81879,   4.78754
         5,        25,      1800,   3240000,   4.37675,    5.9222,   1.98234,   6.53773,   1030.55,   4907.72,   4.76224,   4.73304
         5,        25,      1900,   3610000,   4.84854,   5.95644,   2.21268,   6.52601,   1213.05,   5849.89,   4.82247,   4.79456
         5,        25,      2000,   4000000,    5.3653,   5.96425,   2.44484,    6.5444,   1415.26,   6691.71,   4.72824,   4.70229
         5,        25,      2100,   4410000,   5.92446,   5.95497,   2.69333,    6.5495,   1639.05,   7919.75,    4.8319,   4.80663
         6,        36,      1700,   2890000,   3.89316,   5.93862,   1.76785,   6.53901,   525.228,   4182.55,   7.96331,    7.8784
         6,        36,      1800,   3240000,   4.36159,   5.94278,   1.98332,    6.5345,   617.763,   4937.15,   7.99199,   7.91074
         6,        36,      1900,   3610000,   4.84749,   5.95773,   2.20234,   6.55666,   728.316,      5851,    8.0336,   7.95658
         6,        36,      2000,   4000000,    5.3681,   5.96114,   2.44197,   6.55208,     950.5,   6691.45,   7.03993,   6.98255
         6,        36,      2100,   4410000,   5.91139,   5.96814,   2.68496,   6.56993,   982.893,   7915.36,   8.05312,    7.9833
         7,        49,      1700,   2890000,   3.88939,   5.94437,   1.76338,   6.55558,   417.651,    4176.6,   10.0002,   9.86668
         7,        49,      1800,   3240000,   4.35999,   5.94497,   1.97627,   6.55782,    495.13,   4905.15,   9.90681,   9.78163
         7,        49,      1900,   3610000,   4.85028,    5.9543,   2.20122,   6.55998,   582.668,   5852.42,   10.0442,   9.92408
         7,        49,      2000,   4000000,   5.36823,   5.96099,   2.43722,   6.56485,   683.653,   6691.93,   9.78849,     9.678
         7,        49,      2100,   4410000,   5.91266,   5.96686,   2.68754,   6.56363,   787.296,   7909.69,   10.0467,   9.93809
         8,        64,      1700,   2890000,   3.89455,    5.9365,   1.76199,   6.56077,   337.245,   4175.48,   12.3811,   12.1769
         8,        64,      1800,   3240000,   4.35754,    5.9483,   1.97962,   6.54672,     389.2,   4914.53,   12.6273,    12.425
         8,        64,      1900,   3610000,   4.84812,   5.95695,   2.20318,   6.55415,   467.691,   5850.64,   12.5096,   12.3238
         8,        64,      2000,   4000000,    5.3674,   5.96192,   2.44581,   6.54179,   537.437,   6698.19,   12.4632,   12.2846
         8,        64,      2100,   4410000,   5.91343,   5.96608,   2.68859,   6.56106,   633.868,   7929.24,   12.5093,   12.3418
         9,        81,      1700,   2890000,    3.9146,   5.90609,   1.76429,    6.5522,   269.199,   4196.13,   15.5875,   15.2654
         9,        81,      1800,   3240000,   4.35748,   5.94839,   1.97668,   6.55644,   318.548,   4904.63,   15.3968,   15.0966
         9,        81,      1900,   3610000,   4.85203,   5.95214,   2.20081,   6.56122,   380.388,   5856.99,   15.3974,   15.1171
         9,        81,      2000,   4000000,   5.36531,   5.96425,   2.43729,   6.56466,   461.173,   6695.62,   14.5187,   14.2771
         9,        81,      2100,   4410000,   5.91266,   5.96686,    2.6969,   6.54084,   521.943,   7924.16,   15.1821,   14.9357
        10,       100,      1700,   2890000,   3.89337,    5.9383,   1.76283,   6.55765,   266.457,   4197.69,   15.7537,   15.4263
        10,       100,      1800,   3240000,   4.37424,    5.9256,   1.97494,   6.56223,   323.035,   4911.83,   15.2053,   14.9122
        10,       100,      1900,   3610000,   4.84568,   5.95995,   2.20108,    6.5604,   376.686,   5856.78,   15.5482,   15.2627
        10,       100,      2000,   4000000,   5.36796,    5.9613,   2.43659,   6.56654,   455.766,   6688.49,   14.6753,   14.4282
        10,       100,      2100,   4410000,   5.90798,   5.97159,   2.68356,   6.57336,   530.138,   7921.25,   14.9419,   14.7036
        11,       121,      1700,   2890000,   3.89358,   5.93798,   1.76283,   6.55765,    232.94,   4178.76,   17.9392,   17.5139
        11,       121,      1800,   3240000,   4.35747,    5.9484,   1.97473,   6.56293,   277.465,   4906.69,    17.684,   17.2894
        11,       121,      1900,   3610000,   4.85084,   5.95361,   2.20053,   6.56206,   331.649,   5852.95,    17.648,   17.2806
        11,       121,      2000,   4000000,   5.36558,   5.96394,   2.43653,   6.56673,   399.264,   6695.51,   16.7696,   16.4482
        11,       121,      2100,   4410000,   5.91231,   5.96721,   2.68523,   6.56926,    461.68,    7918.1,   17.1506,   16.8371
        12,       144,      1700,   2890000,   3.89505,   5.93574,   1.76429,    6.5522,   227.909,   4201.48,   18.4349,   17.9882
        12,       144,      1800,   3240000,   4.35817,   5.94745,   1.97438,    6.5641,   267.992,   4909.65,   18.3201,   17.8972
        12,       144,      1900,   3610000,   4.84721,   5.95806,   2.20116,   6.56018,   317.559,   5852.54,   18.4298,   18.0296
        12,       144,      2000,   4000000,   5.37815,      5.95,   2.43869,   6.56089,   381.231,   6699.93,   17.5745,   17.2213
        12,       144,      2100,   4410000,   5.91182,   5.96771,    2.6853,   6.56909,   442.355,    7925.7,    17.917,   17.5755
        13,       169,      1700,   2890000,   3.89442,    5.9367,   1.76534,   6.54832,   323.221,   4181.68,   12.9375,   12.7149
        13,       169,      1800,   3240000,   4.35607,   5.95032,   1.97577,   6.55946,   383.669,   4913.15,   12.8057,   12.5978
        13,       169,      1900,   3610000,   4.84965,   5.95506,   2.19983,   6.56414,   457.242,   5849.15,   12.7922,    12.598
        13,       169,      2000,   4000000,   5.36719,   5.96216,    2.4352,   6.57029,   539.882,   6693.07,   12.3973,   12.2207
        13,       169,      2100,   4410000,   5.91106,   5.96847,   2.68684,   6.56533,   625.468,   7917.67,   12.6588,   12.4871
        14,       196,      1700,   2890000,   3.89477,   5.93617,    1.7645,   6.55142,   246.096,   4179.77,   16.9843,   16.6025
        14,       196,      1800,   3240000,   4.35733,   5.94859,   1.97528,   6.56108,    285.36,    4910.1,   17.2067,   16.8331
        14,       196,      1900,   3610000,   4.84428,   5.96167,   2.20011,   6.56331,   332.156,   5848.07,   17.6064,   17.2407
        14,       196,      2000,   4000000,   5.36384,   5.96588,   2.43604,   6.56804,    403.52,   6693.75,   16.5884,   16.2738
        14,       196,      2100,   4410000,   5.92886,   5.95055,   2.69222,   6.55221,   475.726,   7922.59,   16.6537,   16.3573
        15,       225,      1700,   2890000,   3.90029,   5.92777,   1.76353,   6.55505,   296.381,   4178.17,   14.0973,   13.8329
        15,       225,      1800,   3240000,   4.35887,   5.94649,   1.97438,   6.56409,   350.274,    4912.5,   14.0248,   13.7757
        15,       225,      1900,   3610000,   4.85112,   5.95327,   2.20088,   6.56102,    420.23,   5862.48,   13.9506,   13.7204
        15,       225,      2000,   4000000,   5.36753,   5.96177,   2.43778,   6.56335,   504.454,   6706.88,   13.2953,   13.0927
        15,       225,      2100,   4410000,   5.91007,   5.96947,   2.68461,   6.57079,   581.472,   7928.57,   13.6353,   13.4367
        16,       256,      1700,   2890000,   3.91195,    5.9101,   1.76268,   6.55818,    195.24,   4186.19,   21.4413,   20.8357
        16,       256,      1800,   3240000,   4.36034,   5.94449,   1.97466,   6.56317,   222.679,      4906,   22.0317,   21.4222
        16,       256,      1900,   3610000,   4.84959,   5.95515,   2.20053,   6.56206,   276.297,   5850.79,   21.1757,   20.6488
        16,       256,      2000,   4000000,   5.36648,   5.96293,   2.43764,   6.56372,   305.693,   6695.52,   21.9027,   21.3575
        16,       256,      2100,   4410000,   5.91307,   5.96644,   2.68454,   6.57096,   381.099,   7926.29,   20.7985,   20.3397
        17,       289,      1700,   2890000,   3.91418,   5.90672,   1.76345,   6.55533,   224.585,   4183.76,   18.6288,   18.1695
        17,       289,      1800,   3240000,    4.3625,   5.94154,   1.97668,   6.55644,   268.709,   4912.96,   18.2836,   17.8622
        17,       289,      1900,   3610000,   4.84707,   5.95824,   2.19955,   6.56497,   323.125,   5849.74,   18.1036,   17.7173
        17,       289,      2000,   4000000,   5.36593,   5.96355,   2.43534,   6.56994,   390.324,   6694.45,    17.151,    16.815
        17,       289,      2100,   4410000,   5.90993,   5.96961,   2.68363,   6.57319,   453.586,   7915.82,   17.4517,   17.1272
        18,       324,      1700,   2890000,    3.8942,   5.93703,   1.76275,   6.55792,   210.278,   4178.15,   19.8697,   19.3491
        18,       324,      1800,   3240000,   4.36034,   5.94449,   1.97529,   6.56107,   246.995,   4905.67,   19.8614,   19.3647
        18,       324,      1900,   3610000,   4.84825,   5.95678,   2.20081,   6.56123,   296.842,   5850.19,   19.7081,   19.2509
        18,       324,      2000,   4000000,   5.36635,   5.96308,   2.43953,   6.55864,   365.137,   6701.26,   18.3527,   17.9686
        18,       324,      2100,   4410000,   5.90916,   5.97039,    2.6846,   6.57081,   417.575,   7922.52,   18.9727,   18.5901
        19,       361,      1700,   2890000,   3.89498,   5.93584,   1.76345,   6.55532,   221.375,   4204.36,    18.992,   18.5187
        19,       361,      1800,   3240000,   4.35845,   5.94707,   1.97682,   6.55597,   261.475,    4904.2,   18.7559,   18.3122
        19,       361,      1900,   3610000,   4.85084,   5.95361,     2.199,   6.56664,   314.134,   5853.54,   18.6339,   18.2249
        19,       361,      2000,   4000000,   5.36453,    5.9651,   2.43576,    6.5688,   380.228,   6694.04,   17.6053,   17.2514
        19,       361,      2100,   4410000,   5.91202,    5.9675,   2.68453,   6.57097,   440.012,   7921.73,   18.0034,   17.6584
        20,       400,      1700,   2890000,   3.91335,   5.90798,   1.76492,   6.54987,   204.433,   4180.81,   20.4507,   19.8981
        20,       400,      1800,   3240000,   4.36006,   5.94487,   1.97564,   6.55991,   241.517,   4907.85,   20.3209,   19.8015
        20,       400,      1900,   3610000,    4.8477,   5.95746,   2.20046,   6.56228,   287.279,   5848.53,   20.3584,   19.8709
        20,       400,      2000,   4000000,   5.36516,   5.96441,   2.43499,   6.57088,   347.023,   6692.65,   19.2859,   18.8619
        20,       400,      2100,   4410000,   5.91014,    5.9694,   2.68349,   6.57353,   399.437,   7906.57,   19.7943,   19.3774
        21,       441,      1700,   2890000,   3.89484,   5.93607,   1.76268,   6.55818,   220.263,   4198.84,   19.0628,   18.5855
        21,       441,      1800,   3240000,   4.35726,   5.94869,   1.97549,   6.56038,   260.702,   4908.46,   18.8278,   18.3813
        21,       441,      1900,   3610000,    4.8491,   5.95575,   2.20074,   6.56143,   313.702,   5853.79,   18.6603,   18.2502
        21,       441,      2000,   4000000,   5.36908,   5.96006,   2.43792,   6.56297,   379.328,   6701.12,   17.6658,   17.3095
        21,       441,      2100,   4410000,   5.91189,   5.96763,   2.68496,   6.56994,   439.696,   7910.87,   17.9917,   17.6467
        22,       484,      1700,   2890000,   3.91027,   5.91264,   1.76303,   6.55688,    220.08,   4180.19,   18.9939,   18.5166
        22,       484,      1800,   3240000,   4.36006,   5.94487,   1.97717,   6.55482,   238.886,   4912.07,   20.5624,    20.031
        22,       484,      1900,   3610000,   4.84693,   5.95841,   2.19941,   6.56539,   310.155,   5851.02,   18.8648,   18.4458
        22,       484,      2000,   4000000,    5.3704,   5.95859,    2.4352,    6.5703,   377.985,   6690.03,   17.6992,   17.3411
        22,       484,      2100,   4410000,   5.91433,   5.96517,   2.68384,   6.57267,   438.935,    7921.1,   18.0462,   17.6994
        23,       529,      1700,   2890000,   3.89546,   5.93511,   1.76408,   6.55299,   215.565,   4178.96,   19.3861,   18.8901
        23,       529,      1800,   3240000,   4.35936,   5.94583,   1.97612,    6.5583,   268.775,   4908.07,   18.2609,   17.8404
        23,       529,      1900,   3610000,   4.88835,   5.90792,   2.19976,   6.56435,   321.776,   5845.95,   18.1677,   17.7762
        23,       529,      2000,   4000000,   5.36705,   5.96231,   2.43562,   6.56918,   391.865,   6694.15,   17.0828,   16.7493
        23,       529,      2100,   4410000,   5.90784,   5.97173,   2.68446,   6.57114,   407.906,   7919.19,   19.4142,   19.0137
        24,       576,      1700,   2890000,   3.89735,   5.93224,   1.76317,   6.55636,   195.439,   4183.22,   21.4042,   20.8017
        24,       576,      1800,   3240000,   4.35656,   5.94964,   1.97494,   6.56223,   227.589,   4908.33,   21.5666,   20.9829
        24,       576,      1900,   3610000,   4.85126,    5.9531,   2.20088,     6.561,    274.94,   5849.92,   21.2771,    20.745
        24,       576,      2000,   4000000,   5.36711,   5.96224,   2.43402,    6.5735,   327.028,   6687.32,   20.4488,   19.9723
        24,       576,      2100,   4410000,   5.90973,   5.96982,   2.70234,   6.52767,   385.762,   7962.49,    20.641,   20.1902
        25,       625,      1700,   2890000,   3.89581,   5.93458,   1.76415,   6.55272,    214.62,   4188.78,   19.5172,   19.0158
        25,       625,      1800,   3240000,   4.36124,   5.94326,   1.97515,   6.56154,   255.628,   4918.68,   19.2416,   18.7761
        25,       625,      1900,   3610000,   4.84707,   5.95824,   2.20004,   6.56352,   309.264,   5864.93,   18.9641,   18.5416
        25,       625,      2000,   4000000,   5.36746,   5.96185,   2.43583,   6.56861,   374.617,   6972.85,   18.6133,   18.2334
        25,       625,      2100,   4410000,   5.90701,   5.97257,   2.68488,   6.57011,    433.19,   7934.48,   18.3164,   17.9602
        26,       676,      1700,   2890000,   3.95371,   5.84767,   1.76646,   6.54417,   213.092,   4209.07,   19.7523,    19.236
        26,       676,      1800,   3240000,   4.35664,   5.94954,   2.00232,    6.4725,   254.775,   4958.53,   19.4624,   18.9885
        26,       676,      1900,   3610000,   4.84665,   5.95875,   2.20172,   6.55852,   307.036,   5883.62,   19.1626,   18.7326
        26,       676,      2000,   4000000,   5.36844,   5.96076,   2.43862,   6.56108,   368.212,   6709.19,    18.221,   17.8427
        26,       676,      2100,   4410000,   5.91014,    5.9694,    2.6851,    6.5696,   425.792,   7921.23,   18.6035,   18.2354
        27,       729,      1700,   2890000,   3.91076,   5.91189,   1.76276,   6.55791,   216.871,   4180.79,   19.2778,   18.7863
        27,       729,      1800,   3240000,   4.35866,   5.94678,   1.97556,   6.56015,    257.75,   4906.25,   19.0349,   18.5784
        27,       729,      1900,   3610000,   4.85272,    5.9513,   2.20095,   6.56081,   311.752,   5862.66,   18.8055,   18.3895
        27,       729,      2000,   4000000,   5.37005,   5.95898,   2.43785,   6.56315,   375.234,   6693.25,   17.8375,   17.4739
        27,       729,      2100,   4410000,   5.90867,   5.97088,   2.68314,   6.57439,    438.07,   7909.28,   18.0548,   17.7076
        28,       784,      1700,   2890000,    3.8956,   5.93489,   1.76457,   6.55117,   240.011,   4177.91,   17.4071,   17.0061
        28,       784,      1800,   3240000,   4.35915,   5.94611,   1.97606,   6.55852,   287.413,   4914.91,   17.1005,   16.7317
        28,       784,      1900,   3610000,   4.85342,   5.95044,    2.2006,   6.56185,   334.643,   5856.94,    17.502,   17.1407
        28,       784,      2000,   4000000,   5.36635,   5.96308,   2.43443,   6.57237,   399.613,   6692.72,    16.748,   16.4273
        28,       784,      2100,   4410000,   5.91196,   5.96756,   2.68628,    6.5667,   457.701,   7926.76,   17.3187,   16.9993
        29,       841,      1700,   2890000,   3.89302,   5.93883,   1.76471,   6.55066,   235.541,   4186.48,   17.7739,    17.357
        29,       841,      1800,   3240000,   4.35782,   5.94792,   1.97473,   6.56293,   281.394,   4905.98,   17.4346,   17.0509
        29,       841,      1900,   3610000,   4.85322,   5.95069,   2.26981,   6.36177,   328.523,    5866.1,   17.8559,    17.477
        29,       841,      2000,   4000000,   5.36789,   5.96138,    2.4917,   6.42132,   390.774,   6695.53,    17.134,   16.7962
        29,       841,      2100,   4410000,   5.91301,   5.96651,   2.68272,   6.57542,   456.989,    7920.1,    17.331,   17.0111
        30,       900,      1700,   2890000,   3.89399,   5.93735,   1.76373,   6.55429,   233.211,   4198.49,    18.003,   17.5766
        30,       900,      1800,   3240000,   4.35796,   5.94773,   1.97577,   6.55946,   274.082,   4907.34,   17.9046,   17.5002
        30,       900,      1900,   3610000,   4.85049,   5.95404,   2.20052,   6.56208,   326.798,   5852.68,   17.9091,   17.5309
        30,       900,      2000,   4000000,   5.36782,   5.96146,   2.43688,   6.56578,    385.91,   6694.17,   17.3464,   17.0026
        30,       900,      2100,   4410000,   5.91392,   5.96559,    2.6851,   6.56959,   447.686,   7925.53,   17.7033,   17.3697
        31,       961,      1700,   2890000,   3.89609,   5.93415,   1.76227,   6.55972,   226.397,   4193.27,   18.5218,   18.0701
        31,       961,      1800,   3240000,   4.35936,   5.94583,   1.97444,   6.56387,   271.781,    4908.4,   18.0601,   17.6488
        31,       961,      1900,   3610000,   4.87096,   5.92901,   2.19864,    6.5677,   320.545,   5851.32,   18.2543,   17.8604
        31,       961,      2000,   4000000,    5.3681,   5.96114,   2.43932,    6.5592,   381.005,   6693.79,   17.5688,    17.216
        31,       961,      2100,   4410000,   5.91357,   5.96594,   2.68558,    6.5684,    442.31,   7922.06,   17.9106,   17.5691
        32,      1024,      1700,   2890000,   3.89442,    5.9367,    1.7675,    6.5403,   214.088,   4198.25,   19.6099,   19.1046
        32,      1024,      1800,   3240000,   4.36061,   5.94412,    1.9778,   6.55274,   249.242,   4918.97,   19.7357,   19.2463
        32,      1024,      1900,   3610000,   4.88743,   5.90903,   2.20144,   6.55935,   296.362,   5853.72,   19.7519,   19.2905
        32,      1024,      2000,   4000000,   5.36796,    5.9613,    2.4352,   6.57031,   340.304,   6693.55,   19.6693,   19.2284
        32,      1024,      2100,   4410000,   5.91168,   5.96785,   2.68391,   6.57251,   407.105,    7924.2,   19.4648,   19.0623
         1,      1,         2200,   4840000,   6.41162,   6.03904,   2.95937,   6.54194,   35140.8,   8969.63,  0.255249,  0.25518
         1,      1,         2300,   5290000,   6.99305,   6.05172,   3.24935,   6.51206,   41033.1,   10501.8,  0.255934,  0.25587
         1,      1,         2400,   5760000,    7.6553,   6.01936,   3.53312,   6.52115,   48037.3,     11646,  0.242437,  0.242381
         1,      1,         2500,   6250000,   8.38361,   5.96402,   3.82947,   6.52833,   54329.7,     13553,  0.249458,  0.249402
         1,      1,         2600,   6760000,   8.96854,   6.02996,   4.93193,   5.48264,   62364.7,   14961.1,  0.239898,  0.239844
         1,      1,         2700,   7290000,   9.61033,   6.06847,    4.4394,   6.56846,     70212,   16932.7,  0.241165,  0.241117
         1,      1,         2800,   7840000,   10.5471,   5.94664,   10.0171,   3.13065,   79503.8,   18543.6,  0.233242,  0.233182
         1,      1,         2900,   8410000,   11.0695,   6.07798,   5.66332,   5.93998,   89121.2,   20940.8,  0.234969,  0.234925
         1,      1,         3000,   9000000,   11.8535,   6.07414,    5.4929,   6.55391,   98818.3,   22819.5,  0.230924,  0.230884
         8,        64,      2200,   4840000,   6.57331,   5.89049,   2.98346,   6.48911,   713.298,   9248.65,   12.9661,   12.7946
         8,        64,      2300,   5290000,   7.14783,   5.92068,   3.29789,   6.41622,   830.646,   10665.5,     12.84,   12.6805
         8,        64,      2400,   5760000,   7.79702,   5.90995,   3.70941,   6.21123,   947.618,   11869.2,   12.5253,    12.375
         8,        64,      2500,   6250000,   8.46876,   5.90405,   4.02126,   6.21696,   1071.08,   13593.1,   12.6911,   12.5448
         8,        64,      2600,   6760000,   9.20672,   5.87397,   4.32206,   6.25627,   1177.96,   15106.1,    12.824,   12.6783
         8,        64,      2700,   7290000,   9.92197,   5.87786,   4.60604,   6.33081,   1344.56,     17158,   12.7611,   12.6247
         8,        64,      2800,   7840000,   10.6803,   5.87252,   4.96511,   6.31607,   1467.71,   18673.4,   12.7228,   12.5886
         8,        64,      2900,   8410000,   11.2993,   5.95433,   5.38061,   6.25208,   1663.28,   21189.3,   12.7395,    12.613
         8,        64,      3000,   9000000,   12.0886,   5.95604,   5.67003,   6.34918,   1804.97,   23276.4,   12.8957,   12.7701
         8,        64,      3100,   9610000,    12.896,   5.96153,   6.25154,   6.14889,   2038.65,   26146.8,   12.8255,   12.7062
         8,        64,      3200,  10240000,   13.7872,   5.94174,   6.50716,    6.2946,   2254.87,   27914.6,   12.3797,   12.2693
         8,        64,      3300,  10890000,   14.5687,   5.97993,   6.93439,   6.28174,    2459.8,   31269.8,   12.7124,   12.6022
         8,        64,      3400,  11560000,    15.868,   5.82807,   7.35037,   6.29084,   2626.47,     33299,   12.6783,   12.5672
         8,        64,      3500,  12250000,   16.1404,   6.07172,   7.45988,   6.56847,   2920.64,   36643.4,   12.5464,   12.4458
         8,        64,      3600,  12960000,   17.0676,   6.07468,   10.3424,   5.01236,   3144.06,   39190.4,   12.4649,   12.3572
         8,        64,      3700,  13690000,    17.997,   6.08547,   8.31098,   6.58887,   3446.19,   43256.5,    12.552,   12.4569
         8,        64,      3800,  14440000,   18.9847,   6.08489,   8.76028,   6.59339,   3671.57,   46209.6,   12.5858,   12.4914
         8,        64,      3900,  15210000,   19.9801,   6.09005,   11.7164,   5.19271,   4064.49,   51015.8,   12.5516,   12.4545
         8,        64,      4000,  16000000,   21.0196,   6.08955,   9.70365,   6.59546,   4444.18,   54209.8,   12.1979,   12.1142
        16,       256,      2200,   4840000,   6.57931,   5.88512,   3.10736,   6.23036,   411.211,   9178.88,   22.3216,   21.8078
        16,       256,      2300,   5290000,   7.03922,   6.01203,   3.39177,   6.23864,   473.227,     10572,   22.3403,   21.8585
        16,       256,      2400,   5760000,    7.7146,   5.97309,   3.68517,   6.25208,   517.784,   11746.5,   22.6861,   22.1974
        16,       256,      2500,   6250000,   8.37231,   5.97207,   3.83213,   6.52379,   606.802,   13618.1,   22.4423,   21.9999
        16,       256,      2600,   6760000,   8.98943,   6.01595,   4.11792,   6.56643,   676.051,     15101,   22.3371,   21.9123
        16,       256,      2700,   7290000,   9.74625,   5.98384,   4.61596,   6.31721,   800.141,   17222.1,   21.5238,   21.1443
        16,       256,      2800,   7840000,   10.5604,   5.93917,   4.82906,   6.49402,   804.426,   18663.6,   23.2012,   22.7656
        16,       256,      2900,   8410000,   11.1763,    6.0199,   5.36566,    6.2695,   974.986,   21209.7,   21.7538,   21.3909
        16,       256,      3000,   9000000,   11.9817,   6.00916,   5.75104,   6.25973,   1027.23,   23228.3,   22.6125,   22.2288
        16,       256,      3100,   9610000,   12.8972,   5.96099,   5.93955,   6.47187,   1159.85,   25947.8,   22.3718,   22.0142
        16,       256,      3200,  10240000,   13.7551,   5.95562,   6.30217,   6.49935,   1185.01,   27832.7,   23.4873,   23.0963
        16,       256,      3300,  10890000,   14.7538,   5.90491,   8.66809,   5.02533,   1410.05,   30914.4,   21.9243,   21.5661
        16,       256,      3400,  11560000,   15.2095,   6.08039,    7.0159,   6.59074,   1489.27,   33196.2,   22.2903,   21.9626
        16,       256,      3500,  12250000,   16.1088,   6.08362,   7.43313,   6.59211,   1711.48,   36622.4,   21.3981,   21.1078
        16,       256,      3600,  12960000,   17.0375,   6.08539,   7.86315,   6.59277,   1695.06,   39041.3,   23.0324,   22.6989
        16,       256,      3700,  13690000,   18.0106,   6.08087,   8.30721,   6.59186,   2056.28,   43448.6,   21.1297,   20.8627
        16,       256,      3800,  14440000,   18.9914,   6.08274,   10.2907,   5.61281,   2139.52,   46618.8,   21.7894,   21.4952
        16,       256,      3900,  15210000,   20.0001,   6.08397,   12.6462,   4.81094,   2386.42,   50832.8,   21.3009,   21.0134
        16,       256,      4000,  16000000,   21.0364,    6.0847,    9.7056,   6.59413,    2391.2,   53885.5,    22.535,   22.2489
        32,      1024,      2200,   4840000,   6.42404,   6.02736,   2.94722,    6.5689,   451.652,    8987.2,   19.8985,    19.494
        32,      1024,      2300,   5290000,   6.99536,   6.04973,   3.23483,    6.5413,   523.938,   10507.4,   20.0547,   19.6706
        32,      1024,      2400,   5760000,   7.61242,   6.05327,   3.50016,   6.58256,   558.681,   11618.3,   20.7959,   20.3903
        32,      1024,      2500,   6250000,   8.25692,   6.05553,   3.79943,   6.57993,   686.058,   13451.1,   19.6064,   19.2678
        32,      1024,      2600,   6760000,    8.9376,   6.05084,   4.11924,   6.56431,   744.196,   14939.1,   20.0741,    19.728
        32,      1024,      2700,   7290000,   9.63303,   6.05417,   4.43975,   6.56794,   870.373,   17016.3,   19.5506,   19.2395
        32,      1024,      2800,   7840000,   10.3529,    6.0582,   4.77116,   6.57283,   912.067,   18470.5,   20.2512,   19.9209
        32,      1024,      2900,   8410000,   11.1015,   6.06046,   5.18267,   6.49087,    1054.2,   20964.9,    19.887,   19.5844
        32,      1024,      3000,   9000000,   11.9218,   6.03933,   5.50646,   6.53778,   1147.21,   22783.3,   19.8598,   19.5626
        32,      1024,      3100,   9610000,   12.6522,   6.07642,   5.83318,   6.58989,   1289.51,   25511.5,   19.7839,   19.5043
        32,      1024,      3200,  10240000,   13.5669,   6.03822,   6.24218,   6.56181,   1333.87,   27472.9,   20.5964,    20.295
        32,      1024,      3300,  10890000,   14.3391,    6.0757,   6.61326,   6.58677,      1576,   30827.2,   19.5604,   19.3037
        32,      1024,      3400,  11560000,   15.2098,   6.08031,   7.04076,   6.56747,   1687.71,   33288.3,   19.7239,   19.4672
        32,      1024,      3500,  12250000,   16.1134,   6.08188,   7.43397,   6.59137,   1859.21,     36735,   19.7584,   19.5113
        32,      1024,      3600,  12960000,   17.0697,    6.0739,   7.86959,   6.58738,      1960,   39227.7,   20.0141,   19.7626
        32,      1024,      3700,  13690000,   18.0049,    6.0828,    8.3091,   6.59036,      2189,   43400.7,   19.8267,   19.5912
        32,      1024,      3800,  14440000,   18.9784,   6.08692,   8.76169,   6.59234,   2326.21,   46342.3,   19.9218,    19.687
        32,      1024,      3900,  15210000,   19.9915,   6.08658,     9.229,   6.59226,   2566.92,   50911.9,   19.8339,   19.6106
        32,      1024,      4000,  16000000,   21.0339,   6.08542,   9.70351,   6.59555,   2628.27,   54019.9,   20.5535,   20.3159
